Borough,Cohort Year,Cohort Category,Demographic,Total Cohort Num,Total Grads Num,Total Grads Pct of cohort,Total Regents Num,Total Regents Pct of cohort,Total Regents Pct of grads,Advanced Regents Num,Advanced Regents Pct of cohort,Advanced Regents Pct of grads,Regents w/o Advanced Num,Regents w/o Advanced Pct of cohort,Regents w/o Advanced Pct of grads,Local Num,Local Pct of cohort,Local Pct of grads,Still Enrolled Num,Still Enrolled Pct of cohort,Dropped Out Num,Dropped Out Pct of cohort
Bronx,2001,4 Year  June,Asian,638,479,75.10%,396,62.10%,82.70%,314,49.20%,65.60%,82,12.90%,17.10%,84,13.20%,17.50%,92,14.40%,60,9.40%
Bronx,2001,5 Year,Asian,638,528,82.80%,416,65.20%,78.80%,323,50.60%,61.20%,93,14.60%,17.60%,113,17.70%,21.40%,26,4.10%,75,11.80%
Bronx,2001,6 Year,Asian,638,534,83.70%,416,65.20%,77.90%,323,50.60%,60.50%,93,14.60%,17.40%,121,19.00%,22.70%,14,2.20%,81,12.70%
Bronx,2002,4 Year  June,Asian,681,497,73.00%,451,66.20%,90.70%,350,51.40%,70.40%,101,14.80%,20.30%,46,6.80%,9.30%,132,19.40%,39,5.70%
Bronx,2002,5 Year,Asian,681,564,82.80%,473,69.50%,83.90%,353,51.80%,62.60%,120,17.60%,21.30%,93,13.70%,16.50%,36,5.30%,63,9.30%
Bronx,2002,6 Year,Asian,681,574,84.30%,474,69.60%,82.60%,353,51.80%,61.50%,121,17.80%,21.10%,102,15.00%,17.80%,20,2.90%,68,10.00%
Bronx,2003,4 Year  June,Asian,672,552,82.10%,487,72.50%,88.20%,382,56.80%,69.20%,105,15.60%,19.00%,65,9.70%,11.80%,82,12.20%,35,5.20%
Bronx,2003,5 Year,Asian,672,592,88.10%,506,75.30%,85.50%,383,57.00%,64.70%,123,18.30%,20.80%,86,12.80%,14.50%,23,3.40%,49,7.30%
Bronx,2003,6 Year,Asian,675,600,88.90%,507,75.10%,84.50%,383,56.70%,63.80%,124,18.40%,20.70%,93,13.80%,15.50%,13,1.90%,50,7.40%
Bronx,2004,4 Year  June,Asian,748,624,83.40%,560,74.90%,89.70%,421,56.30%,67.50%,139,18.60%,22.30%,64,8.60%,10.30%,98,13.10%,23,3.10%
Bronx,2004,5 Year,Asian,750,666,88.80%,573,76.40%,86.00%,424,56.50%,63.70%,149,19.90%,22.40%,93,12.40%,14.00%,31,4.10%,42,5.60%
Bronx,2004,6 Year,Asian,748,677,90.50%,578,77.30%,85.40%,425,56.80%,62.80%,153,20.50%,22.60%,99,13.20%,14.60%,17,2.30%,45,6.00%
Bronx,2005,4 Year  June,Asian,753,657,87.30%,599,79.50%,91.20%,459,61.00%,69.90%,140,18.60%,21.30%,58,7.70%,8.80%,56,7.40%,28,3.70%
Bronx,2005,4 Year August,Asian,753,667,88.60%,602,79.90%,90.30%,460,61.10%,69.00%,142,18.90%,21.30%,65,8.60%,9.70%,46,6.10%,28,3.70%
Bronx,2005,5 Year,Asian,764,680,89.00%,606,79.30%,89.10%,462,60.50%,67.90%,144,18.80%,21.20%,74,9.70%,10.90%,26,3.40%,43,5.60%
Bronx,2005,6 Year,Asian,765,686,89.70%,609,79.60%,88.80%,462,60.40%,67.30%,147,19.20%,21.40%,77,10.10%,11.20%,14,1.80%,49,6.40%
Bronx,2006,4 Year  June,Asian,830,707,85.20%,666,80.20%,94.20%,491,59.20%,69.40%,175,21.10%,24.80%,41,4.90%,5.80%,78,9.40%,34,4.10%
Bronx,2006,4 Year August,Asian,830,732,88.20%,678,81.70%,92.60%,496,59.80%,67.80%,182,21.90%,24.90%,54,6.50%,7.40%,55,6.60%,32,3.90%
Bronx,2006,5 Year  June,Asian,839,751,89.50%,685,81.60%,91.20%,497,59.20%,66.20%,188,22.40%,25.00%,66,7.90%,8.80%,25,3.00%,44,5.20%
Bronx,2006,5 Year August,Asian,839,752,89.60%,686,81.80%,91.20%,497,59.20%,66.10%,189,22.50%,25.10%,66,7.90%,8.80%,24,2.90%,43,5.10%
Bronx,2007,4 Year  June,Asian,884,760,86.00%,726,82.10%,95.50%,527,59.60%,69.30%,199,22.50%,26.20%,34,3.80%,4.50%,80,9.00%,34,3.80%
Bronx,2007,4 Year August,Asian,884,773,87.40%,733,82.90%,94.80%,528,59.70%,68.30%,205,23.20%,26.50%,40,4.50%,5.20%,67,7.60%,34,3.80%
Bronx,2001,4 Year  June,Black,"3,852","1,662",43.10%,800,20.80%,48.10%,158,4.10%,9.50%,642,16.70%,38.60%,862,22.40%,51.90%,"1,213",31.50%,770,20.00%
Bronx,2001,5 Year,Black,"3,852","2,037",52.90%,868,22.50%,42.60%,163,4.20%,8.00%,705,18.30%,34.60%,"1,170",30.40%,57.40%,492,12.80%,"1,029",26.70%
Bronx,2001,6 Year,Black,"3,852","2,135",55.40%,882,22.90%,41.30%,163,4.20%,7.60%,719,18.70%,33.70%,"1,264",32.80%,59.20%,217,5.60%,"1,182",30.70%
Bronx,2002,4 Year  June,Black,"3,965","1,717",43.30%,945,23.80%,55.00%,143,3.60%,8.30%,802,20.20%,46.70%,774,19.50%,45.10%,"1,415",35.70%,639,16.10%
Bronx,2002,5 Year,Black,"3,965","2,137",53.90%,"1,042",26.30%,48.80%,151,3.80%,7.10%,891,22.50%,41.70%,"1,110",28.00%,51.90%,596,15.00%,952,24.00%
Bronx,2002,6 Year,Black,"3,965","2,262",57.00%,"1,063",26.80%,47.00%,151,3.80%,6.70%,912,23.00%,40.30%,"1,214",30.60%,53.70%,356,9.00%,"1,035",26.10%
Bronx,2003,4 Year  June,Black,"4,572","2,186",47.80%,"1,250",27.30%,57.20%,228,5.00%,10.40%,"1,022",22.40%,46.80%,936,20.50%,42.80%,"1,461",32.00%,737,16.10%
Bronx,2003,5 Year,Black,"4,572","2,629",57.50%,"1,355",29.60%,51.50%,230,5.00%,8.70%,"1,125",24.60%,42.80%,"1,274",27.90%,48.50%,680,14.90%,961,21.00%
Bronx,2003,6 Year,Black,"4,590","2,791",60.80%,"1,379",30.00%,49.40%,230,5.00%,8.20%,"1,149",25.00%,41.20%,"1,412",30.80%,50.60%,360,7.80%,"1,078",23.50%
Bronx,2004,4 Year  June,Black,"4,834","2,497",51.70%,"1,497",31.00%,60.00%,267,5.50%,10.70%,"1,230",25.40%,49.30%,"1,000",20.70%,40.00%,"1,462",30.20%,697,14.40%
Bronx,2004,5 Year,Black,"4,878","2,986",61.20%,"1,618",33.20%,54.20%,272,5.60%,9.10%,"1,346",27.60%,45.10%,"1,368",28.00%,45.80%,568,11.60%,930,19.10%
Bronx,2004,6 Year,Black,"4,859","3,144",64.70%,"1,643",33.80%,52.30%,272,5.60%,8.70%,"1,371",28.20%,43.60%,"1,501",30.90%,47.70%,378,7.80%,"1,012",20.80%
Bronx,2005,4 Year  June,Black,"5,048","2,724",54.00%,"1,771",35.10%,65.00%,261,5.20%,9.60%,"1,510",29.90%,55.40%,953,18.90%,35.00%,"1,349",26.70%,678,13.40%
Bronx,2005,4 Year August,Black,"5,048","2,911",57.70%,"1,835",36.40%,63.00%,262,5.20%,9.00%,"1,573",31.20%,54.00%,"1,076",21.30%,37.00%,"1,163",23.00%,678,13.40%
Bronx,2005,5 Year,Black,"5,125","3,192",62.30%,"1,919",37.40%,60.10%,264,5.20%,8.30%,"1,655",32.30%,51.80%,"1,273",24.80%,39.90%,525,10.20%,"1,017",19.80%
Bronx,2005,6 Year,Black,"5,141","3,361",65.40%,"1,955",38.00%,58.20%,264,5.10%,7.90%,"1,691",32.90%,50.30%,"1,406",27.30%,41.80%,325,6.30%,"1,071",20.80%
Bronx,2006,4 Year  June,Black,"5,161","2,850",55.20%,"2,089",40.50%,73.30%,269,5.20%,9.40%,"1,820",35.30%,63.90%,761,14.70%,26.70%,"1,258",24.40%,771,14.90%
Bronx,2006,4 Year August,Black,"5,161","3,071",59.50%,"2,188",42.40%,71.20%,272,5.30%,8.90%,"1,916",37.10%,62.40%,883,17.10%,28.80%,"1,044",20.20%,764,14.80%
Bronx,2006,5 Year  June,Black,"5,302","3,301",62.30%,"2,262",42.70%,68.50%,271,5.10%,8.20%,"1,991",37.60%,60.30%,"1,039",19.60%,31.50%,494,9.30%,"1,118",21.10%
Bronx,2006,5 Year August,Black,"5,302","3,368",63.50%,"2,279",43.00%,67.70%,271,5.10%,8.00%,"2,008",37.90%,59.60%,"1,089",20.50%,32.30%,451,8.50%,"1,093",20.60%
Bronx,2007,4 Year  June,Black,"5,187","2,665",51.40%,"2,166",41.80%,81.30%,241,4.60%,9.00%,"1,925",37.10%,72.20%,499,9.60%,18.70%,"1,482",28.60%,795,15.30%
Bronx,2007,4 Year August,Black,"5,187","2,915",56.20%,"2,276",43.90%,78.10%,243,4.70%,8.30%,"2,033",39.20%,69.70%,639,12.30%,21.90%,"1,241",23.90%,784,15.10%
Bronx,2001,4 Year  June,Hispanic,"6,150","2,261",36.80%,"1,064",17.30%,47.10%,242,3.90%,10.70%,822,13.40%,36.40%,"1,198",19.50%,53.00%,"2,035",33.10%,"1,506",24.50%
Bronx,2001,5 Year,Hispanic,"6,150","2,922",47.50%,"1,170",19.00%,40.00%,250,4.10%,8.60%,920,15.00%,31.50%,"1,760",28.60%,60.20%,826,13.40%,"1,940",31.50%
Bronx,2001,6 Year,Hispanic,"6,150","3,102",50.40%,"1,188",19.30%,38.30%,250,4.10%,8.10%,938,15.30%,30.20%,"1,935",31.50%,62.40%,349,5.70%,"2,197",35.70%
Bronx,2002,4 Year  June,Hispanic,"6,623","2,606",39.30%,"1,325",20.00%,50.80%,228,3.40%,8.70%,"1,097",16.60%,42.10%,"1,286",19.40%,49.30%,"2,351",35.50%,"1,378",20.80%
Bronx,2002,5 Year,Hispanic,"6,623","3,310",50.00%,"1,474",22.30%,44.50%,236,3.60%,7.10%,"1,238",18.70%,37.40%,"1,867",28.20%,56.40%,"1,046",15.80%,"1,879",28.40%
Bronx,2002,6 Year,Hispanic,"6,623","3,550",53.60%,"1,508",22.80%,42.50%,237,3.60%,6.70%,"1,271",19.20%,35.80%,"2,073",31.30%,58.40%,617,9.30%,"2,032",30.70%
Bronx,2003,4 Year  June,Hispanic,"7,583","3,131",41.30%,"1,708",22.50%,54.60%,380,5.00%,12.10%,"1,328",17.50%,42.40%,"1,423",18.80%,45.40%,"2,548",33.60%,"1,598",21.10%
Bronx,2003,5 Year,Hispanic,"7,583","3,931",51.80%,"1,884",24.80%,47.90%,393,5.20%,10.00%,"1,491",19.70%,37.90%,"2,047",27.00%,52.10%,"1,103",14.50%,"2,074",27.40%
Bronx,2003,6 Year,Hispanic,"7,612","4,199",55.20%,"1,929",25.30%,45.90%,394,5.20%,9.40%,"1,535",20.20%,36.60%,"2,270",29.80%,54.10%,613,8.10%,"2,224",29.20%
Bronx,2004,4 Year  June,Hispanic,"8,009","3,810",47.60%,"2,146",26.80%,56.30%,432,5.40%,11.30%,"1,714",21.40%,45.00%,"1,664",20.80%,43.70%,"2,463",30.80%,"1,490",18.60%
Bronx,2004,5 Year,Hispanic,"8,060","4,625",57.40%,"2,348",29.10%,50.80%,443,5.50%,9.60%,"1,905",23.60%,41.20%,"2,277",28.30%,49.20%,938,11.60%,"1,904",23.60%
Bronx,2004,6 Year,Hispanic,"8,071","4,899",60.70%,"2,400",29.70%,49.00%,445,5.50%,9.10%,"1,955",24.20%,39.90%,"2,499",31.00%,51.00%,653,8.10%,"2,059",25.50%
Bronx,2005,4 Year  June,Hispanic,"8,616","4,356",50.60%,"2,842",33.00%,65.20%,570,6.60%,13.10%,"2,272",26.40%,52.20%,"1,514",17.60%,34.80%,"2,392",27.80%,"1,351",15.70%
Bronx,2005,4 Year August,Hispanic,"8,616","4,716",54.70%,"2,955",34.30%,62.70%,571,6.60%,12.10%,"2,384",27.70%,50.60%,"1,761",20.40%,37.30%,"2,032",23.60%,"1,351",15.70%
Bronx,2005,5 Year,Hispanic,"8,794","5,266",59.90%,"3,133",35.60%,59.50%,578,6.60%,11.00%,"2,555",29.10%,48.50%,"2,133",24.30%,40.50%,953,10.80%,"1,925",21.90%
Bronx,2005,6 Year,Hispanic,"8,800","5,537",62.90%,"3,183",36.20%,57.50%,580,6.60%,10.50%,"2,603",29.60%,47.00%,"2,354",26.80%,42.50%,583,6.60%,"2,026",23.00%
Bronx,2006,4 Year  June,Hispanic,"8,850","4,469",50.50%,"3,121",35.30%,69.80%,534,6.00%,11.90%,"2,587",29.20%,57.90%,"1,348",15.20%,30.20%,"2,360",26.70%,"1,507",17.00%
Bronx,2006,4 Year August,Hispanic,"8,850","4,896",55.30%,"3,294",37.20%,67.30%,540,6.10%,11.00%,"2,754",31.10%,56.30%,"1,602",18.10%,32.70%,"1,950",22.00%,"1,490",16.80%
Bronx,2006,5 Year  June,Hispanic,"9,099","5,330",58.60%,"3,417",37.60%,64.10%,544,6.00%,10.20%,"2,873",31.60%,53.90%,"1,913",21.00%,35.90%,958,10.50%,"2,137",23.50%
Bronx,2006,5 Year August,Hispanic,"9,099","5,448",59.90%,"3,448",37.90%,63.30%,544,6.00%,10.00%,"2,904",31.90%,53.30%,"2,000",22.00%,36.70%,874,9.60%,"2,101",23.10%
Bronx,2007,4 Year  June,Hispanic,"9,199","4,507",49.00%,"3,599",39.10%,79.90%,552,6.00%,12.20%,"3,047",33.10%,67.60%,908,9.90%,20.10%,"2,685",29.20%,"1,609",17.50%
Bronx,2007,4 Year August,Hispanic,"9,199","4,997",54.30%,"3,835",41.70%,76.70%,557,6.10%,11.10%,"3,278",35.60%,65.60%,"1,162",12.60%,23.30%,"2,210",24.00%,"1,594",17.30%
Bronx,2001,4 Year  June,White,756,485,64.20%,368,48.70%,75.90%,280,37.00%,57.70%,88,11.60%,18.10%,117,15.50%,24.10%,153,20.20%,95,12.60%
Bronx,2001,5 Year,White,756,542,71.70%,389,51.50%,71.80%,282,37.30%,52.00%,107,14.20%,19.70%,153,20.20%,28.20%,58,7.70%,121,16.00%
Bronx,2001,6 Year,White,756,557,73.70%,393,52.00%,70.60%,282,37.30%,50.60%,111,14.70%,19.90%,165,21.80%,29.60%,26,3.40%,138,18.30%
Bronx,2002,4 Year  June,White,696,473,68.00%,379,54.50%,80.10%,267,38.40%,56.40%,112,16.10%,23.70%,94,13.50%,19.90%,130,18.70%,73,10.50%
Bronx,2002,5 Year,White,696,531,76.30%,393,56.50%,74.00%,269,38.60%,50.70%,124,17.80%,23.40%,140,20.10%,26.40%,35,5.00%,101,14.50%
Bronx,2002,6 Year,White,696,535,76.90%,394,56.60%,73.60%,269,38.60%,50.30%,125,18.00%,23.40%,143,20.50%,26.70%,25,3.60%,105,15.10%
Bronx,2003,4 Year  June,White,649,423,65.20%,351,54.10%,83.00%,238,36.70%,56.30%,113,17.40%,26.70%,72,11.10%,17.00%,123,19.00%,87,13.40%
Bronx,2003,5 Year,White,649,466,71.80%,365,56.20%,78.30%,238,36.70%,51.10%,127,19.60%,27.30%,101,15.60%,21.70%,47,7.20%,109,16.80%
Bronx,2003,6 Year,White,649,477,73.50%,367,56.50%,76.90%,238,36.70%,49.90%,129,19.90%,27.00%,110,16.90%,23.10%,34,5.20%,108,16.60%
Bronx,2004,4 Year  June,White,681,467,68.60%,388,57.00%,83.10%,269,39.50%,57.60%,119,17.50%,25.50%,79,11.60%,16.90%,119,17.50%,83,12.20%
Bronx,2004,5 Year,White,687,522,76.00%,405,59.00%,77.60%,276,40.20%,52.90%,129,18.80%,24.70%,117,17.00%,22.40%,40,5.80%,97,14.10%
Bronx,2004,6 Year,White,687,528,76.90%,407,59.20%,77.10%,276,40.20%,52.30%,131,19.10%,24.80%,121,17.60%,22.90%,37,5.40%,102,14.80%
Bronx,2005,4 Year  June,White,644,432,67.10%,365,56.70%,84.50%,244,37.90%,56.50%,121,18.80%,28.00%,67,10.40%,15.50%,114,17.70%,72,11.20%
Bronx,2005,4 Year August,White,644,450,69.90%,376,58.40%,83.60%,246,38.20%,54.70%,130,20.20%,28.90%,74,11.50%,16.40%,96,14.90%,72,11.20%
Bronx,2005,5 Year,White,651,473,72.70%,387,59.40%,81.80%,247,37.90%,52.20%,140,21.50%,29.60%,86,13.20%,18.20%,49,7.50%,95,14.60%
Bronx,2005,6 Year,White,653,483,74.00%,389,59.60%,80.50%,247,37.80%,51.10%,142,21.70%,29.40%,94,14.40%,19.50%,37,5.70%,95,14.50%
Bronx,2006,4 Year  June,White,636,444,69.80%,396,62.30%,89.20%,254,39.90%,57.20%,142,22.30%,32.00%,48,7.50%,10.80%,99,15.60%,77,12.10%
Bronx,2006,4 Year August,White,636,459,72.20%,403,63.40%,87.80%,254,39.90%,55.30%,149,23.40%,32.50%,56,8.80%,12.20%,84,13.20%,77,12.10%
Bronx,2006,5 Year  June,White,646,480,74.30%,415,64.20%,86.50%,254,39.30%,52.90%,161,24.90%,33.50%,65,10.10%,13.50%,42,6.50%,94,14.60%
Bronx,2006,5 Year August,White,646,483,74.80%,417,64.60%,86.30%,254,39.30%,52.60%,163,25.20%,33.70%,66,10.20%,13.70%,42,6.50%,91,14.10%
Bronx,2007,4 Year  June,White,635,453,71.30%,413,65.00%,91.20%,254,40.00%,56.10%,159,25.00%,35.10%,40,6.30%,8.80%,96,15.10%,76,12.00%
Bronx,2007,4 Year August,White,635,469,73.90%,423,66.60%,90.20%,254,40.00%,54.20%,169,26.60%,36.00%,46,7.20%,9.80%,81,12.80%,76,12.00%
Brooklyn,2001,4 Year  June,Asian,"2,418","1,543",63.80%,"1,305",54.00%,84.60%,930,38.50%,60.30%,375,15.50%,24.30%,239,9.90%,15.50%,554,22.90%,303,12.50%
Brooklyn,2001,5 Year,Asian,"2,418","1,778",73.50%,"1,426",59.00%,80.20%,967,40.00%,54.40%,459,19.00%,25.80%,353,14.60%,19.90%,169,7.00%,438,18.10%
Brooklyn,2001,6 Year,Asian,"2,418","1,846",76.30%,"1,453",60.10%,78.70%,971,40.20%,52.60%,482,19.90%,26.10%,395,16.30%,21.40%,55,2.30%,481,19.90%
Brooklyn,2002,4 Year  June,Asian,"2,676","1,765",66.00%,"1,557",58.20%,88.20%,"1,052",39.30%,59.60%,505,18.90%,28.60%,209,7.80%,11.80%,556,20.80%,327,12.20%
Brooklyn,2002,5 Year,Asian,"2,676","2,037",76.10%,"1,693",63.30%,83.10%,"1,094",40.90%,53.70%,599,22.40%,29.40%,347,13.00%,17.00%,179,6.70%,423,15.80%
Brooklyn,2002,6 Year,Asian,"2,676","2,110",78.80%,"1,721",64.30%,81.60%,"1,095",40.90%,51.90%,626,23.40%,29.70%,392,14.60%,18.60%,59,2.20%,465,17.40%
Brooklyn,2003,4 Year  June,Asian,"2,688","1,862",69.30%,"1,665",61.90%,89.40%,"1,114",41.40%,59.80%,551,20.50%,29.60%,197,7.30%,10.60%,537,20.00%,274,10.20%
Brooklyn,2003,5 Year,Asian,"2,688","2,125",79.10%,"1,827",68.00%,86.00%,"1,160",43.20%,54.60%,667,24.80%,31.40%,298,11.10%,14.00%,150,5.60%,384,14.30%
Brooklyn,2003,6 Year,Asian,"2,680","2,170",81.00%,"1,851",69.10%,85.30%,"1,162",43.40%,53.50%,689,25.70%,31.80%,319,11.90%,14.70%,63,2.40%,412,15.40%
Brooklyn,2004,4 Year  June,Asian,"2,888","2,097",72.60%,"1,901",65.80%,90.70%,"1,315",45.50%,62.70%,586,20.30%,27.90%,196,6.80%,9.30%,527,18.20%,249,8.60%
Brooklyn,2004,5 Year,Asian,"2,899","2,342",80.80%,"2,056",70.90%,87.80%,"1,351",46.60%,57.70%,705,24.30%,30.10%,286,9.90%,12.20%,154,5.30%,338,11.70%
Brooklyn,2004,6 Year,Asian,"2,893","2,409",83.30%,"2,090",72.20%,86.80%,"1,352",46.70%,56.10%,738,25.50%,30.60%,319,11.00%,13.20%,73,2.50%,368,12.70%
Brooklyn,2005,4 Year  June,Asian,"2,954","2,144",72.60%,"1,957",66.20%,91.30%,"1,303",44.10%,60.80%,654,22.10%,30.50%,187,6.30%,8.70%,561,19.00%,214,7.20%
Brooklyn,2005,4 Year August,Asian,"2,954","2,276",77.00%,"2,052",69.50%,90.20%,"1,327",44.90%,58.30%,725,24.50%,31.90%,224,7.60%,9.80%,429,14.50%,214,7.20%
Brooklyn,2005,5 Year,Asian,"2,962","2,457",83.00%,"2,168",73.20%,88.20%,"1,355",45.70%,55.10%,813,27.40%,33.10%,289,9.80%,11.80%,131,4.40%,316,10.70%
Brooklyn,2005,6 Year,Asian,"2,953","2,509",85.00%,"2,205",74.70%,87.90%,"1,356",45.90%,54.00%,849,28.80%,33.80%,304,10.30%,12.10%,53,1.80%,331,11.20%
Brooklyn,2006,4 Year  June,Asian,"2,949","2,296",77.90%,"2,176",73.80%,94.80%,"1,437",48.70%,62.60%,739,25.10%,32.20%,120,4.10%,5.20%,432,14.60%,190,6.40%
Brooklyn,2006,4 Year August,Asian,"2,949","2,413",81.80%,"2,265",76.80%,93.90%,"1,460",49.50%,60.50%,805,27.30%,33.40%,148,5.00%,6.10%,316,10.70%,189,6.40%
Brooklyn,2006,5 Year  June,Asian,"2,957","2,515",85.10%,"2,335",79.00%,92.80%,"1,472",49.80%,58.50%,863,29.20%,34.30%,180,6.10%,7.20%,126,4.30%,269,9.10%
Brooklyn,2006,5 Year August,Asian,"2,957","2,528",85.50%,"2,342",79.20%,92.60%,"1,472",49.80%,58.20%,870,29.40%,34.40%,186,6.30%,7.40%,113,3.80%,269,9.10%
Brooklyn,2007,4 Year  June,Asian,"3,083","2,409",78.10%,"2,305",74.80%,95.70%,"1,442",46.80%,59.90%,863,28.00%,35.80%,104,3.40%,4.30%,435,14.10%,210,6.80%
Brooklyn,2007,4 Year August,Asian,"3,083","2,518",81.70%,"2,392",77.60%,95.00%,"1,466",47.60%,58.20%,926,30.00%,36.80%,126,4.10%,5.00%,328,10.60%,209,6.80%
Brooklyn,2001,4 Year  June,Black,"9,382","4,232",45.10%,"2,137",22.80%,50.50%,546,5.80%,12.90%,"1,591",17.00%,37.60%,"2,099",22.40%,49.60%,"3,284",35.00%,"1,543",16.40%
Brooklyn,2001,5 Year,Black,"9,382","5,234",55.80%,"2,310",24.60%,44.10%,562,6.00%,10.70%,"1,748",18.60%,33.40%,"2,933",31.30%,56.00%,"1,230",13.10%,"2,441",26.00%
Brooklyn,2001,6 Year,Black,"9,382","5,514",58.80%,"2,349",25.00%,42.60%,563,6.00%,10.20%,"1,786",19.00%,32.40%,"3,187",34.00%,57.80%,542,5.80%,"2,806",29.90%
Brooklyn,2002,4 Year  June,Black,"9,789","4,435",45.30%,"2,591",26.50%,58.40%,586,6.00%,13.20%,"2,005",20.50%,45.20%,"1,852",18.90%,41.80%,"3,438",35.10%,"1,428",14.60%
Brooklyn,2002,5 Year,Black,"9,789","5,433",55.50%,"2,804",28.60%,51.60%,602,6.10%,11.10%,"2,202",22.50%,40.50%,"2,671",27.30%,49.20%,"1,591",16.30%,"2,124",21.70%
Brooklyn,2002,6 Year,Black,"9,789","5,828",59.50%,"2,853",29.10%,49.00%,602,6.10%,10.30%,"2,251",23.00%,38.60%,"3,017",30.80%,51.80%,756,7.70%,"2,496",25.50%
Brooklyn,2003,4 Year  June,Black,"10,350","4,958",47.90%,"2,942",28.40%,59.30%,730,7.10%,14.70%,"2,212",21.40%,44.60%,"2,016",19.50%,40.70%,"3,668",35.40%,"1,410",13.60%
Brooklyn,2003,5 Year,Black,"10,350","6,074",58.70%,"3,229",31.20%,53.20%,739,7.10%,12.20%,"2,490",24.10%,41.00%,"2,845",27.50%,46.80%,"1,530",14.80%,"2,208",21.30%
Brooklyn,2003,6 Year,Black,"10,355","6,461",62.40%,"3,304",31.90%,51.10%,739,7.10%,11.40%,"2,565",24.80%,39.70%,"3,157",30.50%,48.90%,694,6.70%,"2,497",24.10%
Brooklyn,2004,4 Year  June,Black,"11,070","5,733",51.80%,"3,641",32.90%,63.50%,927,8.40%,16.20%,"2,714",24.50%,47.30%,"2,092",18.90%,36.50%,"3,631",32.80%,"1,320",11.90%
Brooklyn,2004,5 Year,Black,"11,154","6,877",61.70%,"3,949",35.40%,57.40%,936,8.40%,13.60%,"3,013",27.00%,43.80%,"2,928",26.30%,42.60%,"1,448",13.00%,"1,964",17.60%
Brooklyn,2004,6 Year,Black,"11,130","7,322",65.80%,"4,043",36.30%,55.20%,936,8.40%,12.80%,"3,107",27.90%,42.40%,"3,279",29.50%,44.80%,761,6.80%,"2,348",21.10%
Brooklyn,2005,4 Year  June,Black,"11,098","5,886",53.00%,"4,033",36.30%,68.50%,868,7.80%,14.70%,"3,165",28.50%,53.80%,"1,853",16.70%,31.50%,"3,484",31.40%,"1,214",10.90%
Brooklyn,2005,4 Year August,Black,"11,098","6,338",57.10%,"4,202",37.90%,66.30%,879,7.90%,13.90%,"3,323",29.90%,52.40%,"2,136",19.20%,33.70%,"3,032",27.30%,"1,214",10.90%
Brooklyn,2005,5 Year,Black,"11,109","7,032",63.30%,"4,423",39.80%,62.90%,888,8.00%,12.60%,"3,535",31.80%,50.30%,"2,609",23.50%,37.10%,"1,167",10.50%,"2,197",19.80%
Brooklyn,2005,6 Year,Black,"11,073","7,453",67.30%,"4,514",40.80%,60.60%,888,8.00%,11.90%,"3,626",32.70%,48.70%,"2,939",26.50%,39.40%,567,5.10%,"2,344",21.20%
Brooklyn,2006,4 Year  June,Black,"10,886","6,024",55.30%,"4,424",40.60%,73.40%,870,8.00%,14.40%,"3,554",32.60%,59.00%,"1,600",14.70%,26.60%,"3,069",28.20%,"1,320",12.10%
Brooklyn,2006,4 Year August,Black,"10,886","6,587",60.50%,"4,672",42.90%,70.90%,876,8.00%,13.30%,"3,796",34.90%,57.60%,"1,915",17.60%,29.10%,"2,514",23.10%,"1,312",12.10%
Brooklyn,2006,5 Year  June,Black,"10,980","7,230",65.80%,"4,896",44.60%,67.70%,879,8.00%,12.20%,"4,017",36.60%,55.60%,"2,334",21.30%,32.30%,"1,080",9.80%,"2,083",19.00%
Brooklyn,2006,5 Year August,Black,"10,980","7,373",67.10%,"4,931",44.90%,66.90%,879,8.00%,11.90%,"4,052",36.90%,55.00%,"2,442",22.20%,33.10%,965,8.80%,"2,048",18.70%
Brooklyn,2007,4 Year  June,Black,"10,716","5,915",55.20%,"4,937",46.10%,83.50%,737,6.90%,12.50%,"4,200",39.20%,71.00%,978,9.10%,16.50%,"3,036",28.30%,"1,361",12.70%
Brooklyn,2007,4 Year August,Black,"10,716","6,478",60.50%,"5,229",48.80%,80.70%,744,6.90%,11.50%,"4,485",41.90%,69.20%,"1,249",11.70%,19.30%,"2,497",23.30%,"1,340",12.50%
Brooklyn,2001,4 Year  June,Hispanic,"4,393","1,619",36.90%,815,18.60%,50.30%,278,6.30%,17.20%,537,12.20%,33.20%,806,18.30%,49.80%,"1,563",35.60%,"1,045",23.80%
Brooklyn,2001,5 Year,Hispanic,"4,393","2,065",47.00%,903,20.60%,43.70%,289,6.60%,14.00%,614,14.00%,29.70%,"1,166",26.50%,56.50%,564,12.80%,"1,540",35.10%
Brooklyn,2001,6 Year,Hispanic,"4,393","2,222",50.60%,929,21.10%,41.80%,292,6.60%,13.10%,637,14.50%,28.70%,"1,301",29.60%,58.60%,239,5.40%,"1,684",38.30%
Brooklyn,2002,4 Year  June,Hispanic,"4,662","1,803",38.70%,937,20.10%,52.00%,236,5.10%,13.10%,701,15.00%,38.90%,867,18.60%,48.10%,"1,649",35.40%,"1,052",22.60%
Brooklyn,2002,5 Year,Hispanic,"4,662","2,287",49.10%,"1,057",22.70%,46.20%,248,5.30%,10.80%,809,17.40%,35.40%,"1,242",26.60%,54.30%,738,15.80%,"1,405",30.10%
Brooklyn,2002,6 Year,Hispanic,"4,662","2,474",53.10%,"1,094",23.50%,44.20%,249,5.30%,10.10%,845,18.10%,34.20%,"1,392",29.90%,56.30%,331,7.10%,"1,603",34.40%
Brooklyn,2003,4 Year  June,Hispanic,"4,876","2,055",42.10%,"1,216",24.90%,59.20%,422,8.70%,20.50%,794,16.30%,38.60%,839,17.20%,40.80%,"1,700",34.90%,993,20.40%
Brooklyn,2003,5 Year,Hispanic,"4,876","2,560",52.50%,"1,362",27.90%,53.20%,434,8.90%,17.00%,928,19.00%,36.30%,"1,198",24.60%,46.80%,671,13.80%,"1,423",29.20%
Brooklyn,2003,6 Year,Hispanic,"4,873","2,762",56.70%,"1,410",28.90%,51.00%,435,8.90%,15.70%,975,20.00%,35.30%,"1,352",27.70%,49.00%,286,5.90%,"1,541",31.60%
Brooklyn,2004,4 Year  June,Hispanic,"5,170","2,332",45.10%,"1,485",28.70%,63.70%,480,9.30%,20.60%,"1,005",19.40%,43.10%,847,16.40%,36.30%,"1,716",33.20%,973,18.80%
Brooklyn,2004,5 Year,Hispanic,"5,154","2,871",55.70%,"1,654",32.10%,57.60%,482,9.40%,16.80%,"1,172",22.70%,40.80%,"1,217",23.60%,42.40%,692,13.40%,"1,266",24.60%
Brooklyn,2004,6 Year,Hispanic,"5,159","3,108",60.20%,"1,714",33.20%,55.10%,482,9.30%,15.50%,"1,232",23.90%,39.60%,"1,394",27.00%,44.90%,370,7.20%,"1,436",27.80%
Brooklyn,2005,4 Year  June,Hispanic,"5,244","2,529",48.20%,"1,706",32.50%,67.50%,499,9.50%,19.70%,"1,207",23.00%,47.70%,823,15.70%,32.50%,"1,690",32.20%,821,15.70%
Brooklyn,2005,4 Year August,Hispanic,"5,244","2,751",52.50%,"1,797",34.30%,65.30%,507,9.70%,18.40%,"1,290",24.60%,46.90%,954,18.20%,34.70%,"1,468",28.00%,821,15.70%
Brooklyn,2005,5 Year,Hispanic,"5,265","3,125",59.40%,"1,951",37.10%,62.40%,510,9.70%,16.30%,"1,441",27.40%,46.10%,"1,174",22.30%,37.60%,552,10.50%,"1,303",24.70%
Brooklyn,2005,6 Year,Hispanic,"5,262","3,313",63.00%,"2,004",38.10%,60.50%,510,9.70%,15.40%,"1,494",28.40%,45.10%,"1,309",24.90%,39.50%,257,4.90%,"1,411",26.80%
Brooklyn,2006,4 Year  June,Hispanic,"5,327","2,634",49.40%,"1,976",37.10%,75.00%,461,8.70%,17.50%,"1,515",28.40%,57.50%,658,12.40%,25.00%,"1,582",29.70%,903,17.00%
Brooklyn,2006,4 Year August,Hispanic,"5,327","2,845",53.40%,"2,070",38.90%,72.80%,465,8.70%,16.30%,"1,605",30.10%,56.40%,775,14.50%,27.20%,"1,375",25.80%,899,16.90%
Brooklyn,2006,5 Year  June,Hispanic,"5,372","3,200",59.60%,"2,207",41.10%,69.00%,470,8.70%,14.70%,"1,737",32.30%,54.30%,993,18.50%,31.00%,514,9.60%,"1,373",25.60%
Brooklyn,2006,5 Year August,Hispanic,"5,372","3,262",60.70%,"2,224",41.40%,68.20%,470,8.70%,14.40%,"1,754",32.70%,53.80%,"1,038",19.30%,31.80%,459,8.50%,"1,364",25.40%
Brooklyn,2007,4 Year  June,Hispanic,"5,665","2,955",52.20%,"2,426",42.80%,82.10%,409,7.20%,13.80%,"2,017",35.60%,68.30%,529,9.30%,17.90%,"1,628",28.70%,959,16.90%
Brooklyn,2007,4 Year August,Hispanic,"5,665","3,206",56.60%,"2,574",45.40%,80.30%,412,7.30%,12.90%,"2,162",38.20%,67.40%,632,11.20%,19.70%,"1,391",24.60%,947,16.70%
Brooklyn,2001,4 Year  June,White,"3,714","2,345",63.10%,"1,910",51.40%,81.40%,"1,074",28.90%,45.80%,836,22.50%,35.70%,438,11.80%,18.70%,676,18.20%,646,17.40%
Brooklyn,2001,5 Year,White,"3,714","2,616",70.40%,"2,031",54.70%,77.60%,"1,097",29.50%,41.90%,934,25.10%,35.70%,589,15.90%,22.50%,177,4.80%,838,22.60%
Brooklyn,2001,6 Year,White,"3,714","2,681",72.20%,"2,050",55.20%,76.50%,"1,100",29.60%,41.00%,950,25.60%,35.40%,635,17.10%,23.70%,67,1.80%,875,23.60%
Brooklyn,2002,4 Year  June,White,"3,619","2,315",64.00%,"1,952",53.90%,84.30%,987,27.30%,42.60%,965,26.70%,41.70%,364,10.10%,15.70%,701,19.40%,547,15.10%
Brooklyn,2002,5 Year,White,"3,619","2,591",71.60%,"2,088",57.70%,80.60%,"1,016",28.10%,39.20%,"1,072",29.60%,41.40%,513,14.20%,19.80%,215,5.90%,731,20.20%
Brooklyn,2002,6 Year,White,"3,619","2,656",73.40%,"2,107",58.20%,79.30%,"1,018",28.10%,38.30%,"1,089",30.10%,41.00%,559,15.40%,21.00%,103,2.80%,772,21.30%
Brooklyn,2003,4 Year  June,White,"3,195","2,027",63.40%,"1,760",55.10%,86.80%,908,28.40%,44.80%,852,26.70%,42.00%,267,8.40%,13.20%,615,19.20%,510,16.00%
Brooklyn,2003,5 Year,White,"3,195","2,274",71.20%,"1,897",59.40%,83.40%,921,28.80%,40.50%,976,30.50%,42.90%,377,11.80%,16.60%,177,5.50%,673,21.10%
Brooklyn,2003,6 Year,White,"3,198","2,330",72.90%,"1,924",60.20%,82.60%,921,28.80%,39.50%,"1,003",31.40%,43.00%,406,12.70%,17.40%,100,3.10%,690,21.60%
Brooklyn,2004,4 Year  June,White,"3,090","2,070",67.00%,"1,794",58.10%,86.70%,"1,004",32.50%,48.50%,790,25.60%,38.20%,276,8.90%,13.30%,568,18.40%,416,13.50%
Brooklyn,2004,5 Year,White,"3,082","2,297",74.50%,"1,914",62.10%,83.30%,"1,015",32.90%,44.20%,899,29.20%,39.10%,383,12.40%,16.70%,161,5.20%,521,16.90%
Brooklyn,2004,6 Year,White,"3,079","2,342",76.10%,"1,929",62.70%,82.40%,"1,015",33.00%,43.30%,914,29.70%,39.00%,413,13.40%,17.60%,106,3.40%,540,17.50%
Brooklyn,2005,4 Year  June,White,"2,879","1,978",68.70%,"1,747",60.70%,88.30%,934,32.40%,47.20%,813,28.20%,41.10%,231,8.00%,11.70%,524,18.20%,310,10.80%
Brooklyn,2005,4 Year August,White,"2,879","2,069",71.90%,"1,805",62.70%,87.20%,940,32.70%,45.40%,865,30.00%,41.80%,264,9.20%,12.80%,435,15.10%,309,10.70%
Brooklyn,2005,5 Year,White,"2,893","2,201",76.10%,"1,883",65.10%,85.60%,957,33.10%,43.50%,926,32.00%,42.10%,318,11.00%,14.40%,163,5.60%,422,14.60%
Brooklyn,2005,6 Year,White,"2,886","2,245",77.80%,"1,899",65.80%,84.60%,957,33.20%,42.60%,942,32.60%,42.00%,346,12.00%,15.40%,92,3.20%,440,15.20%
Brooklyn,2006,4 Year  June,White,"2,850","1,997",70.10%,"1,798",63.10%,90.00%,930,32.60%,46.60%,868,30.50%,43.50%,199,7.00%,10.00%,501,17.60%,301,10.60%
Brooklyn,2006,4 Year August,White,"2,850","2,102",73.80%,"1,868",65.50%,88.90%,943,33.10%,44.90%,925,32.50%,44.00%,234,8.20%,11.10%,398,14.00%,299,10.50%
Brooklyn,2006,5 Year  June,White,"2,873","2,221",77.30%,"1,943",67.60%,87.50%,948,33.00%,42.70%,995,34.60%,44.80%,278,9.70%,12.50%,162,5.60%,403,14.00%
Brooklyn,2006,5 Year August,White,"2,873","2,246",78.20%,"1,954",68.00%,87.00%,948,33.00%,42.20%,"1,006",35.00%,44.80%,292,10.20%,13.00%,141,4.90%,399,13.90%
Brooklyn,2007,4 Year  June,White,"3,006","2,103",70.00%,"1,964",65.30%,93.40%,942,31.30%,44.80%,"1,022",34.00%,48.60%,139,4.60%,6.60%,531,17.70%,299,9.90%
Brooklyn,2007,4 Year August,White,"3,006","2,240",74.50%,"2,069",68.80%,92.40%,952,31.70%,42.50%,"1,117",37.20%,49.90%,171,5.70%,7.60%,401,13.30%,296,9.80%
Manhattan,2001,4 Year  June,Asian,"1,581","1,265",80.00%,"1,038",65.70%,82.10%,622,39.30%,49.20%,416,26.30%,32.90%,227,14.40%,17.90%,210,13.30%,97,6.10%
Manhattan,2001,5 Year,Asian,"1,581","1,377",87.10%,"1,096",69.30%,79.60%,638,40.40%,46.30%,458,29.00%,33.30%,281,17.80%,20.40%,54,3.40%,135,8.50%
Manhattan,2001,6 Year,Asian,"1,581","1,399",88.50%,"1,104",69.80%,78.90%,640,40.50%,45.70%,464,29.30%,33.20%,295,18.70%,21.10%,18,1.10%,148,9.40%
Manhattan,2002,4 Year  June,Asian,"1,748","1,374",78.60%,"1,224",70.00%,89.10%,706,40.40%,51.40%,518,29.60%,37.70%,151,8.60%,11.00%,239,13.70%,90,5.10%
Manhattan,2002,5 Year,Asian,"1,748","1,489",85.20%,"1,290",73.80%,86.60%,731,41.80%,49.10%,559,32.00%,37.50%,202,11.60%,13.60%,88,5.00%,120,6.90%
Manhattan,2002,6 Year,Asian,"1,748","1,516",86.70%,"1,304",74.60%,86.00%,734,42.00%,48.40%,570,32.60%,37.60%,215,12.30%,14.20%,37,2.10%,142,8.10%
Manhattan,2003,4 Year  June,Asian,"1,666","1,296",77.80%,"1,168",70.10%,90.10%,875,52.50%,67.50%,293,17.60%,22.60%,128,7.70%,9.90%,279,16.70%,79,4.70%
Manhattan,2003,5 Year,Asian,"1,666","1,430",85.80%,"1,244",74.70%,87.00%,906,54.40%,63.40%,338,20.30%,23.60%,186,11.20%,13.00%,102,6.10%,117,7.00%
Manhattan,2003,6 Year,Asian,"1,667","1,467",88.00%,"1,266",75.90%,86.30%,909,54.50%,62.00%,357,21.40%,24.30%,201,12.10%,13.70%,42,2.50%,133,8.00%
Manhattan,2004,4 Year  June,Asian,"2,057","1,621",78.80%,"1,473",71.60%,90.90%,"1,063",51.70%,65.60%,410,19.90%,25.30%,148,7.20%,9.10%,332,16.10%,93,4.50%
Manhattan,2004,5 Year,Asian,"2,044","1,766",86.40%,"1,567",76.70%,88.70%,"1,098",53.70%,62.20%,469,22.90%,26.60%,199,9.70%,11.30%,100,4.90%,134,6.60%
Manhattan,2004,6 Year,Asian,"2,045","1,796",87.80%,"1,582",77.40%,88.10%,"1,097",53.60%,61.10%,485,23.70%,27.00%,214,10.50%,11.90%,54,2.60%,147,7.20%
Manhattan,2005,4 Year  June,Asian,"2,073","1,697",81.90%,"1,568",75.60%,92.40%,"1,062",51.20%,62.60%,506,24.40%,29.80%,129,6.20%,7.60%,261,12.60%,93,4.50%
Manhattan,2005,4 Year August,Asian,"2,073","1,755",84.70%,"1,604",77.40%,91.40%,"1,076",51.90%,61.30%,528,25.50%,30.10%,151,7.30%,8.60%,203,9.80%,93,4.50%
Manhattan,2005,5 Year,Asian,"2,091","1,838",87.90%,"1,670",79.90%,90.90%,"1,111",53.10%,60.40%,559,26.70%,30.40%,168,8.00%,9.10%,72,3.40%,148,7.10%
Manhattan,2005,6 Year,Asian,"2,088","1,871",89.60%,"1,685",80.70%,90.10%,"1,113",53.30%,59.50%,572,27.40%,30.60%,186,8.90%,9.90%,20,1.00%,162,7.80%
Manhattan,2006,4 Year  June,Asian,"2,113","1,739",82.30%,"1,658",78.50%,95.30%,"1,119",53.00%,64.30%,539,25.50%,31.00%,81,3.80%,4.70%,238,11.30%,115,5.40%
Manhattan,2006,4 Year August,Asian,"2,113","1,767",83.60%,"1,679",79.50%,95.00%,"1,121",53.10%,63.40%,558,26.40%,31.60%,88,4.20%,5.00%,211,10.00%,114,5.40%
Manhattan,2006,5 Year  June,Asian,"2,140","1,870",87.40%,"1,754",82.00%,93.80%,"1,139",53.20%,60.90%,615,28.70%,32.90%,116,5.40%,6.20%,88,4.10%,157,7.30%
Manhattan,2006,5 Year August,Asian,"2,140","1,888",88.20%,"1,768",82.60%,93.60%,"1,139",53.20%,60.30%,629,29.40%,33.30%,120,5.60%,6.40%,72,3.40%,155,7.20%
Manhattan,2007,4 Year  June,Asian,"2,201","1,801",81.80%,"1,742",79.10%,96.70%,"1,195",54.30%,66.40%,547,24.90%,30.40%,59,2.70%,3.30%,272,12.40%,110,5.00%
Manhattan,2007,4 Year August,Asian,"2,201","1,866",84.80%,"1,795",81.60%,96.20%,"1,206",54.80%,64.60%,589,26.80%,31.60%,71,3.20%,3.80%,207,9.40%,110,5.00%
Manhattan,2001,4 Year  June,Black,"3,677","1,935",52.60%,"1,101",29.90%,56.90%,266,7.20%,13.70%,835,22.70%,43.20%,834,22.70%,43.10%,966,26.30%,626,17.00%
Manhattan,2001,5 Year,Black,"3,677","2,236",60.80%,"1,187",32.30%,53.10%,267,7.30%,11.90%,920,25.00%,41.10%,"1,050",28.60%,47.00%,355,9.70%,880,23.90%
Manhattan,2001,6 Year,Black,"3,677","2,318",63.00%,"1,199",32.60%,51.70%,268,7.30%,11.60%,931,25.30%,40.20%,"1,126",30.60%,48.60%,157,4.30%,973,26.50%
Manhattan,2002,4 Year  June,Black,"4,045","2,060",50.90%,"1,276",31.50%,61.90%,223,5.50%,10.80%,"1,053",26.00%,51.10%,789,19.50%,38.30%,"1,261",31.20%,591,14.60%
Manhattan,2002,5 Year,Black,"4,045","2,375",58.70%,"1,383",34.20%,58.20%,234,5.80%,9.90%,"1,149",28.40%,48.40%,"1,017",25.10%,42.80%,660,16.30%,819,20.20%
Manhattan,2002,6 Year,Black,"4,045","2,577",63.70%,"1,424",35.20%,55.30%,236,5.80%,9.20%,"1,188",29.40%,46.10%,"1,178",29.10%,45.70%,305,7.50%,956,23.60%
Manhattan,2003,4 Year  June,Black,"3,994","1,917",48.00%,"1,233",30.90%,64.30%,367,9.20%,19.10%,866,21.70%,45.20%,684,17.10%,35.70%,"1,436",36.00%,513,12.80%
Manhattan,2003,5 Year,Black,"3,994","2,393",59.90%,"1,369",34.30%,57.20%,372,9.30%,15.50%,997,25.00%,41.70%,"1,024",25.60%,42.80%,559,14.00%,843,21.10%
Manhattan,2003,6 Year,Black,"4,010","2,587",64.50%,"1,422",35.50%,55.00%,372,9.30%,14.40%,"1,050",26.20%,40.60%,"1,165",29.10%,45.00%,238,5.90%,944,23.50%
Manhattan,2004,4 Year  June,Black,"4,128","2,074",50.20%,"1,360",32.90%,65.60%,329,8.00%,15.90%,"1,031",25.00%,49.70%,714,17.30%,34.40%,"1,401",33.90%,545,13.20%
Manhattan,2004,5 Year,Black,"4,182","2,607",62.30%,"1,571",37.60%,60.30%,335,8.00%,12.90%,"1,236",29.60%,47.40%,"1,036",24.80%,39.70%,528,12.60%,791,18.90%
Manhattan,2004,6 Year,Black,"4,192","2,780",66.30%,"1,617",38.60%,58.20%,336,8.00%,12.10%,"1,281",30.60%,46.10%,"1,163",27.70%,41.80%,247,5.90%,898,21.40%
Manhattan,2005,4 Year  June,Black,"4,448","2,423",54.50%,"1,769",39.80%,73.00%,315,7.10%,13.00%,"1,454",32.70%,60.00%,654,14.70%,27.00%,"1,322",29.70%,493,11.10%
Manhattan,2005,4 Year August,Black,"4,448","2,591",58.30%,"1,837",41.30%,70.90%,318,7.10%,12.30%,"1,519",34.20%,58.60%,754,17.00%,29.10%,"1,154",25.90%,493,11.10%
Manhattan,2005,5 Year,Black,"4,537","2,883",63.50%,"1,966",43.30%,68.20%,322,7.10%,11.20%,"1,644",36.20%,57.00%,917,20.20%,31.80%,444,9.80%,872,19.20%
Manhattan,2005,6 Year,Black,"4,509","3,061",67.90%,"2,031",45.00%,66.40%,322,7.10%,10.50%,"1,709",37.90%,55.80%,"1,030",22.80%,33.60%,181,4.00%,935,20.70%
Manhattan,2006,4 Year  June,Black,"4,655","2,632",56.50%,"2,088",44.90%,79.30%,342,7.30%,13.00%,"1,746",37.50%,66.30%,544,11.70%,20.70%,"1,280",27.50%,502,10.80%
Manhattan,2006,4 Year August,Black,"4,655","2,819",60.60%,"2,187",47.00%,77.60%,344,7.40%,12.20%,"1,843",39.60%,65.40%,632,13.60%,22.40%,"1,095",23.50%,500,10.70%
Manhattan,2006,5 Year  June,Black,"4,613","3,094",67.10%,"2,328",50.50%,75.20%,347,7.50%,11.20%,"1,981",42.90%,64.00%,766,16.60%,24.80%,426,9.20%,791,17.10%
Manhattan,2006,5 Year August,Black,"4,613","3,148",68.20%,"2,354",51.00%,74.80%,347,7.50%,11.00%,"2,007",43.50%,63.80%,794,17.20%,25.20%,378,8.20%,782,17.00%
Manhattan,2007,4 Year  June,Black,"4,523","2,562",56.60%,"2,166",47.90%,84.50%,376,8.30%,14.70%,"1,790",39.60%,69.90%,396,8.80%,15.50%,"1,206",26.70%,561,12.40%
Manhattan,2007,4 Year August,Black,"4,523","2,778",61.40%,"2,289",50.60%,82.40%,379,8.40%,13.60%,"1,910",42.20%,68.80%,489,10.80%,17.60%,"1,001",22.10%,553,12.20%
Manhattan,2001,4 Year  June,Hispanic,"5,739","2,924",50.90%,"1,678",29.20%,57.40%,389,6.80%,13.30%,"1,289",22.50%,44.10%,"1,247",21.70%,42.60%,"1,471",25.60%,"1,127",19.60%
Manhattan,2001,5 Year,Hispanic,"5,739","3,480",60.60%,"1,836",32.00%,52.80%,400,7.00%,11.50%,"1,436",25.00%,41.30%,"1,656",28.90%,47.60%,464,8.10%,"1,505",26.20%
Manhattan,2001,6 Year,Hispanic,"5,739","3,597",62.70%,"1,858",32.40%,51.70%,401,7.00%,11.10%,"1,457",25.40%,40.50%,"1,762",30.70%,49.00%,172,3.00%,"1,660",28.90%
Manhattan,2002,4 Year  June,Hispanic,"5,985","2,974",49.70%,"1,823",30.50%,61.30%,379,6.30%,12.70%,"1,444",24.10%,48.60%,"1,155",19.30%,38.80%,"1,857",31.00%,965,16.10%
Manhattan,2002,5 Year,Hispanic,"5,985","3,482",58.20%,"1,983",33.10%,57.00%,402,6.70%,11.50%,"1,581",26.40%,45.40%,"1,540",25.70%,44.20%,898,15.00%,"1,346",22.50%
Manhattan,2002,6 Year,Hispanic,"5,985","3,746",62.60%,"2,030",33.90%,54.20%,405,6.80%,10.80%,"1,625",27.20%,43.40%,"1,757",29.40%,46.90%,424,7.10%,"1,529",25.50%
Manhattan,2003,4 Year  June,Hispanic,"6,613","3,126",47.30%,"1,968",29.80%,63.00%,605,9.10%,19.40%,"1,363",20.60%,43.60%,"1,158",17.50%,37.00%,"2,285",34.60%,"1,053",15.90%
Manhattan,2003,5 Year,Hispanic,"6,613","3,954",59.80%,"2,190",33.10%,55.40%,616,9.30%,15.60%,"1,574",23.80%,39.80%,"1,764",26.70%,44.60%,867,13.10%,"1,556",23.50%
Manhattan,2003,6 Year,Hispanic,"6,627","4,238",64.00%,"2,270",34.30%,53.60%,617,9.30%,14.60%,"1,653",24.90%,39.00%,"1,968",29.70%,46.40%,354,5.30%,"1,734",26.20%
Manhattan,2004,4 Year  June,Hispanic,"7,276","3,747",51.50%,"2,382",32.70%,63.60%,755,10.40%,20.10%,"1,627",22.40%,43.40%,"1,365",18.80%,36.40%,"2,251",30.90%,"1,147",15.80%
Manhattan,2004,5 Year,Hispanic,"7,422","4,635",62.40%,"2,703",36.40%,58.30%,766,10.30%,16.50%,"1,937",26.10%,41.80%,"1,932",26.00%,41.70%,817,11.00%,"1,569",21.10%
Manhattan,2004,6 Year,Hispanic,"7,426","4,924",66.30%,"2,790",37.60%,56.70%,767,10.30%,15.60%,"2,023",27.20%,41.10%,"2,134",28.70%,43.30%,349,4.70%,"1,735",23.40%
Manhattan,2005,4 Year  June,Hispanic,"7,555","4,231",56.00%,"2,954",39.10%,69.80%,650,8.60%,15.40%,"2,304",30.50%,54.50%,"1,276",16.90%,30.20%,"2,083",27.60%,942,12.50%
Manhattan,2005,4 Year August,Hispanic,"7,555","4,520",59.80%,"3,067",40.60%,67.90%,661,8.70%,14.60%,"2,406",31.80%,53.20%,"1,452",19.20%,32.10%,"1,795",23.80%,942,12.50%
Manhattan,2005,5 Year,Hispanic,"7,667","5,050",65.90%,"3,306",43.10%,65.50%,670,8.70%,13.30%,"2,636",34.40%,52.20%,"1,744",22.70%,34.50%,706,9.20%,"1,492",19.50%
Manhattan,2005,6 Year,Hispanic,"7,649","5,318",69.50%,"3,412",44.60%,64.20%,670,8.80%,12.60%,"2,742",35.80%,51.60%,"1,906",24.90%,35.80%,327,4.30%,"1,573",20.60%
Manhattan,2006,4 Year  June,Hispanic,"7,766","4,478",57.70%,"3,514",45.20%,78.50%,699,9.00%,15.60%,"2,815",36.20%,62.90%,964,12.40%,21.50%,"1,976",25.40%,"1,009",13.00%
Manhattan,2006,4 Year August,Hispanic,"7,766","4,768",61.40%,"3,652",47.00%,76.60%,704,9.10%,14.80%,"2,948",38.00%,61.80%,"1,116",14.40%,23.40%,"1,693",21.80%,"1,003",12.90%
Manhattan,2006,5 Year  June,Hispanic,"7,801","5,278",67.70%,"3,904",50.00%,74.00%,708,9.10%,13.40%,"3,196",41.00%,60.60%,"1,374",17.60%,26.00%,577,7.40%,"1,558",20.00%
Manhattan,2006,5 Year August,Hispanic,"7,801","5,347",68.50%,"3,936",50.50%,73.60%,708,9.10%,13.20%,"3,228",41.40%,60.40%,"1,411",18.10%,26.40%,534,6.80%,"1,527",19.60%
Manhattan,2007,4 Year  June,Hispanic,"7,690","4,323",56.20%,"3,754",48.80%,86.80%,723,9.40%,16.70%,"3,031",39.40%,70.10%,569,7.40%,13.20%,"1,984",25.80%,"1,097",14.30%
Manhattan,2007,4 Year August,Hispanic,"7,690","4,746",61.70%,"4,018",52.20%,84.70%,738,9.60%,15.50%,"3,280",42.70%,69.10%,728,9.50%,15.30%,"1,580",20.50%,"1,078",14.00%
Manhattan,2001,4 Year  June,White,"1,633","1,337",81.90%,"1,132",69.30%,84.70%,570,34.90%,42.60%,562,34.40%,42.00%,206,12.60%,15.40%,167,10.20%,107,6.60%
Manhattan,2001,5 Year,White,"1,633","1,420",87.00%,"1,173",71.80%,82.60%,576,35.30%,40.60%,597,36.60%,42.00%,248,15.20%,17.50%,39,2.40%,139,8.50%
Manhattan,2001,6 Year,White,"1,633","1,429",87.50%,"1,176",72.00%,82.30%,576,35.30%,40.30%,600,36.70%,42.00%,255,15.60%,17.80%,24,1.50%,144,8.80%
Manhattan,2002,4 Year  June,White,"1,640","1,319",80.40%,"1,162",70.90%,88.10%,561,34.20%,42.50%,601,36.60%,45.60%,157,9.60%,11.90%,189,11.50%,87,5.30%
Manhattan,2002,5 Year,White,"1,640","1,396",85.10%,"1,205",73.50%,86.30%,570,34.80%,40.80%,635,38.70%,45.50%,192,11.70%,13.80%,77,4.70%,114,7.00%
Manhattan,2002,6 Year,White,"1,640","1,421",86.60%,"1,215",74.10%,85.50%,570,34.80%,40.10%,645,39.30%,45.40%,207,12.60%,14.60%,38,2.30%,127,7.70%
Manhattan,2003,4 Year  June,White,"1,493","1,202",80.50%,"1,075",72.00%,89.40%,665,44.50%,55.30%,410,27.50%,34.10%,127,8.50%,10.60%,207,13.90%,77,5.20%
Manhattan,2003,5 Year,White,"1,493","1,300",87.10%,"1,130",75.70%,86.90%,670,44.90%,51.50%,460,30.80%,35.40%,170,11.40%,13.10%,64,4.30%,112,7.50%
Manhattan,2003,6 Year,White,"1,487","1,320",88.80%,"1,135",76.30%,86.00%,670,45.10%,50.80%,465,31.30%,35.20%,185,12.40%,14.00%,24,1.60%,121,8.10%
Manhattan,2004,4 Year  June,White,"1,580","1,277",80.80%,"1,186",75.10%,92.90%,647,40.90%,50.70%,539,34.10%,42.20%,91,5.80%,7.10%,238,15.10%,53,3.40%
Manhattan,2004,5 Year,White,"1,586","1,398",88.10%,"1,278",80.60%,91.40%,668,42.10%,47.80%,610,38.50%,43.60%,120,7.60%,8.60%,72,4.50%,85,5.40%
Manhattan,2004,6 Year,White,"1,588","1,426",89.80%,"1,295",81.50%,90.80%,668,42.10%,46.80%,627,39.50%,44.00%,131,8.20%,9.20%,37,2.30%,88,5.50%
Manhattan,2005,4 Year  June,White,"1,647","1,384",84.00%,"1,268",77.00%,91.60%,635,38.60%,45.90%,633,38.40%,45.70%,116,7.00%,8.40%,183,11.10%,59,3.60%
Manhattan,2005,4 Year August,White,"1,647","1,421",86.30%,"1,293",78.50%,91.00%,639,38.80%,45.00%,654,39.70%,46.00%,128,7.80%,9.00%,146,8.90%,59,3.60%
Manhattan,2005,5 Year,White,"1,648","1,473",89.40%,"1,325",80.40%,90.00%,643,39.00%,43.70%,682,41.40%,46.30%,148,9.00%,10.00%,58,3.50%,87,5.30%
Manhattan,2005,6 Year,White,"1,651","1,496",90.60%,"1,340",81.20%,89.60%,643,38.90%,43.00%,697,42.20%,46.60%,156,9.40%,10.40%,27,1.60%,98,5.90%
Manhattan,2006,4 Year  June,White,"1,743","1,468",84.20%,"1,380",79.20%,94.00%,603,34.60%,41.10%,777,44.60%,52.90%,88,5.00%,6.00%,197,11.30%,48,2.80%
Manhattan,2006,4 Year August,White,"1,743","1,496",85.80%,"1,398",80.20%,93.40%,604,34.70%,40.40%,794,45.60%,53.10%,98,5.60%,6.60%,170,9.80%,47,2.70%
Manhattan,2006,5 Year  June,White,"1,749","1,549",88.60%,"1,444",82.60%,93.20%,607,34.70%,39.20%,837,47.90%,54.00%,105,6.00%,6.80%,77,4.40%,84,4.80%
Manhattan,2006,5 Year August,White,"1,749","1,553",88.80%,"1,446",82.70%,93.10%,607,34.70%,39.10%,839,48.00%,54.00%,107,6.10%,6.90%,74,4.20%,83,4.70%
Manhattan,2007,4 Year  June,White,"1,684","1,409",83.70%,"1,358",80.60%,96.40%,684,40.60%,48.50%,674,40.00%,47.80%,51,3.00%,3.60%,190,11.30%,65,3.90%
Manhattan,2007,4 Year August,White,"1,684","1,446",85.90%,"1,387",82.40%,95.90%,685,40.70%,47.40%,702,41.70%,48.50%,59,3.50%,4.10%,153,9.10%,65,3.90%
Queens,2001,4 Year  June,Asian,"4,222","2,836",67.20%,"2,258",53.50%,79.60%,"1,273",30.20%,44.90%,985,23.30%,34.70%,580,13.70%,20.50%,885,21.00%,452,10.70%
Queens,2001,5 Year,Asian,"4,222","3,245",76.90%,"2,400",56.80%,74.00%,"1,301",30.80%,40.10%,"1,099",26.00%,33.90%,849,20.10%,26.20%,246,5.80%,656,15.50%
Queens,2001,6 Year,Asian,"4,222","3,344",79.20%,"2,429",57.50%,72.60%,"1,306",30.90%,39.10%,"1,123",26.60%,33.60%,921,21.80%,27.50%,66,1.60%,735,17.40%
Queens,2002,4 Year  June,Asian,"4,613","3,073",66.60%,"2,538",55.00%,82.60%,"1,349",29.20%,43.90%,"1,189",25.80%,38.70%,537,11.60%,17.50%,948,20.60%,482,10.40%
Queens,2002,5 Year,Asian,"4,613","3,514",76.20%,"2,769",60.00%,78.80%,"1,407",30.50%,40.00%,"1,362",29.50%,38.80%,757,16.40%,21.50%,295,6.40%,678,14.70%
Queens,2002,6 Year,Asian,"4,613","3,609",78.20%,"2,804",60.80%,77.70%,"1,414",30.70%,39.20%,"1,390",30.10%,38.50%,817,17.70%,22.60%,135,2.90%,740,16.00%
Queens,2003,4 Year  June,Asian,"4,745","3,335",70.30%,"2,895",61.00%,86.80%,"1,701",35.80%,51.00%,"1,194",25.20%,35.80%,440,9.30%,13.20%,907,19.10%,467,9.80%
Queens,2003,5 Year,Asian,"4,745","3,789",79.90%,"3,123",65.80%,82.40%,"1,757",37.00%,46.40%,"1,366",28.80%,36.10%,666,14.00%,17.60%,250,5.30%,639,13.50%
Queens,2003,6 Year,Asian,"4,754","3,890",81.80%,"3,163",66.50%,81.30%,"1,762",37.10%,45.30%,"1,401",29.50%,36.00%,727,15.30%,18.70%,78,1.60%,685,14.40%
Queens,2004,4 Year  June,Asian,"4,773","3,394",71.10%,"2,944",61.70%,86.70%,"1,740",36.50%,51.30%,"1,204",25.20%,35.50%,450,9.40%,13.30%,939,19.70%,407,8.50%
Queens,2004,5 Year,Asian,"4,768","3,865",81.10%,"3,206",67.20%,82.90%,"1,797",37.70%,46.50%,"1,409",29.60%,36.50%,659,13.80%,17.10%,236,4.90%,544,11.40%
Queens,2004,6 Year,Asian,"4,767","3,977",83.40%,"3,262",68.40%,82.00%,"1,800",37.80%,45.30%,"1,462",30.70%,36.80%,715,15.00%,18.00%,131,2.70%,588,12.30%
Queens,2005,4 Year  June,Asian,"4,901","3,683",75.10%,"3,218",65.70%,87.40%,"1,839",37.50%,49.90%,"1,379",28.10%,37.40%,465,9.50%,12.60%,793,16.20%,304,6.20%
Queens,2005,4 Year August,Asian,"4,901","3,843",78.40%,"3,308",67.50%,86.10%,"1,853",37.80%,48.20%,"1,455",29.70%,37.90%,535,10.90%,13.90%,633,12.90%,304,6.20%
Queens,2005,5 Year,Asian,"4,915","4,085",83.10%,"3,450",70.20%,84.50%,"1,876",38.20%,45.90%,"1,574",32.00%,38.50%,635,12.90%,15.50%,212,4.30%,495,10.10%
Queens,2005,6 Year,Asian,"4,911","4,181",85.10%,"3,495",71.20%,83.60%,"1,879",38.30%,44.90%,"1,616",32.90%,38.70%,686,14.00%,16.40%,101,2.10%,510,10.40%
Queens,2006,4 Year  June,Asian,"5,035","3,835",76.20%,"3,472",69.00%,90.50%,"1,793",35.60%,46.80%,"1,679",33.30%,43.80%,363,7.20%,9.50%,784,15.60%,352,7.00%
Queens,2006,4 Year August,Asian,"5,035","4,059",80.60%,"3,615",71.80%,89.10%,"1,826",36.30%,45.00%,"1,789",35.50%,44.10%,444,8.80%,10.90%,560,11.10%,352,7.00%
Queens,2006,5 Year  June,Asian,"5,064","4,245",83.80%,"3,734",73.70%,88.00%,"1,836",36.30%,43.30%,"1,898",37.50%,44.70%,511,10.10%,12.00%,191,3.80%,529,10.40%
Queens,2006,5 Year August,Asian,"5,064","4,279",84.50%,"3,753",74.10%,87.70%,"1,836",36.30%,42.90%,"1,917",37.90%,44.80%,526,10.40%,12.30%,170,3.40%,515,10.20%
Queens,2007,4 Year  June,Asian,"5,388","4,150",77.00%,"3,879",72.00%,93.50%,"2,006",37.20%,48.30%,"1,873",34.80%,45.10%,271,5.00%,6.50%,827,15.30%,355,6.60%
Queens,2007,4 Year August,Asian,"5,388","4,390",81.50%,"4,048",75.10%,92.20%,"2,025",37.60%,46.10%,"2,023",37.50%,46.10%,342,6.30%,7.80%,592,11.00%,351,6.50%
Queens,2001,4 Year  June,Black,"4,600","2,146",46.70%,"1,273",27.70%,59.30%,299,6.50%,13.90%,974,21.20%,45.40%,872,19.00%,40.60%,"1,485",32.30%,810,17.60%
Queens,2001,5 Year,Black,"4,600","2,601",56.50%,"1,356",29.50%,52.10%,300,6.50%,11.50%,"1,056",23.00%,40.60%,"1,247",27.10%,47.90%,517,11.20%,"1,241",27.00%
Queens,2001,6 Year,Black,"4,600","2,735",59.50%,"1,384",30.10%,50.60%,301,6.50%,11.00%,"1,083",23.50%,39.60%,"1,356",29.50%,49.60%,178,3.90%,"1,428",31.00%
Queens,2002,4 Year  June,Black,"4,800","2,284",47.60%,"1,368",28.50%,59.90%,295,6.10%,12.90%,"1,073",22.40%,47.00%,917,19.10%,40.10%,"1,512",31.50%,788,16.40%
Queens,2002,5 Year,Black,"4,800","2,764",57.60%,"1,517",31.60%,54.90%,301,6.30%,10.90%,"1,216",25.30%,44.00%,"1,265",26.40%,45.80%,599,12.50%,"1,145",23.90%
Queens,2002,6 Year,Black,"4,800","2,921",60.90%,"1,542",32.10%,52.80%,301,6.30%,10.30%,"1,241",25.90%,42.50%,"1,397",29.10%,47.80%,307,6.40%,"1,261",26.30%
Queens,2003,4 Year  June,Black,"5,053","2,561",50.70%,"1,652",32.70%,64.50%,398,7.90%,15.50%,"1,254",24.80%,49.00%,909,18.00%,35.50%,"1,558",30.80%,787,15.60%
Queens,2003,5 Year,Black,"5,053","3,143",62.20%,"1,843",36.50%,58.60%,403,8.00%,12.80%,"1,440",28.50%,45.80%,"1,300",25.70%,41.40%,560,11.10%,"1,092",21.60%
Queens,2003,6 Year,Black,"5,064","3,297",65.10%,"1,888",37.30%,57.30%,403,8.00%,12.20%,"1,485",29.30%,45.00%,"1,409",27.80%,42.70%,237,4.70%,"1,203",23.80%
Queens,2004,4 Year  June,Black,"4,949","2,578",52.10%,"1,708",34.50%,66.30%,399,8.10%,15.50%,"1,309",26.40%,50.80%,870,17.60%,33.70%,"1,546",31.20%,701,14.20%
Queens,2004,5 Year,Black,"5,001","3,122",62.40%,"1,897",37.90%,60.80%,400,8.00%,12.80%,"1,497",29.90%,48.00%,"1,225",24.50%,39.20%,498,10.00%,"1,016",20.30%
Queens,2004,6 Year,Black,"5,007","3,302",65.90%,"1,956",39.10%,59.20%,400,8.00%,12.10%,"1,556",31.10%,47.10%,"1,346",26.90%,40.80%,317,6.30%,"1,124",22.40%
Queens,2005,4 Year  June,Black,"5,241","2,882",55.00%,"2,080",39.70%,72.20%,425,8.10%,14.70%,"1,655",31.60%,57.40%,802,15.30%,27.80%,"1,372",26.20%,708,13.50%
Queens,2005,4 Year August,Black,"5,241","3,111",59.40%,"2,167",41.30%,69.70%,425,8.10%,13.70%,"1,742",33.20%,56.00%,944,18.00%,30.30%,"1,143",21.80%,708,13.50%
Queens,2005,5 Year,Black,"5,356","3,403",63.50%,"2,275",42.50%,66.90%,426,8.00%,12.50%,"1,849",34.50%,54.30%,"1,128",21.10%,33.10%,497,9.30%,"1,135",21.20%
Queens,2005,6 Year,Black,"5,363","3,563",66.40%,"2,319",43.20%,65.10%,426,7.90%,12.00%,"1,893",35.30%,53.10%,"1,244",23.20%,34.90%,266,5.00%,"1,222",22.80%
Queens,2006,4 Year  June,Black,"5,139","2,939",57.20%,"2,202",42.80%,74.90%,405,7.90%,13.80%,"1,797",35.00%,61.10%,737,14.30%,25.10%,"1,308",25.50%,689,13.40%
Queens,2006,4 Year August,Black,"5,139","3,198",62.20%,"2,305",44.90%,72.10%,407,7.90%,12.70%,"1,898",36.90%,59.30%,893,17.40%,27.90%,"1,053",20.50%,685,13.30%
Queens,2006,5 Year  June,Black,"5,225","3,486",66.70%,"2,414",46.20%,69.20%,408,7.80%,11.70%,"2,006",38.40%,57.50%,"1,072",20.50%,30.80%,435,8.30%,"1,030",19.70%
Queens,2006,5 Year August,Black,"5,225","3,534",67.60%,"2,426",46.40%,68.60%,408,7.80%,11.50%,"2,018",38.60%,57.10%,"1,108",21.20%,31.40%,402,7.70%,"1,011",19.30%
Queens,2007,4 Year  June,Black,"5,089","2,959",58.10%,"2,421",47.60%,81.80%,400,7.90%,13.50%,"2,021",39.70%,68.30%,538,10.60%,18.20%,"1,368",26.90%,599,11.80%
Queens,2007,4 Year August,Black,"5,089","3,237",63.60%,"2,559",50.30%,79.10%,404,7.90%,12.50%,"2,155",42.30%,66.60%,678,13.30%,20.90%,"1,099",21.60%,595,11.70%
Queens,2001,4 Year  June,Hispanic,"5,335","2,371",44.40%,"1,513",28.40%,63.80%,402,7.50%,17.00%,"1,111",20.80%,46.90%,861,16.10%,36.30%,"1,755",32.90%,"1,051",19.70%
Queens,2001,5 Year,Hispanic,"5,335","3,000",56.20%,"1,705",32.00%,56.80%,416,7.80%,13.90%,"1,289",24.20%,43.00%,"1,303",24.40%,43.40%,616,11.50%,"1,500",28.10%
Queens,2001,6 Year,Hispanic,"5,335","3,195",59.90%,"1,768",33.10%,55.30%,418,7.80%,13.10%,"1,350",25.30%,42.30%,"1,448",27.10%,45.30%,223,4.20%,"1,690",31.70%
Queens,2002,4 Year  June,Hispanic,"5,952","2,656",44.60%,"1,822",30.60%,68.60%,476,8.00%,17.90%,"1,346",22.60%,50.70%,835,14.00%,31.40%,"1,941",32.60%,"1,154",19.40%
Queens,2002,5 Year,Hispanic,"5,952","3,368",56.60%,"2,129",35.80%,63.20%,500,8.40%,14.80%,"1,629",27.40%,48.40%,"1,253",21.10%,37.20%,743,12.50%,"1,582",26.60%
Queens,2002,6 Year,Hispanic,"5,952","3,608",60.60%,"2,196",36.90%,60.90%,503,8.50%,13.90%,"1,693",28.40%,46.90%,"1,426",24.00%,39.50%,348,5.80%,"1,725",29.00%
Queens,2003,4 Year  June,Hispanic,"5,870","2,709",46.10%,"1,855",31.60%,68.50%,573,9.80%,21.20%,"1,282",21.80%,47.30%,854,14.50%,31.50%,"1,926",32.80%,"1,106",18.80%
Queens,2003,5 Year,Hispanic,"5,870","3,444",58.70%,"2,133",36.30%,61.90%,586,10.00%,17.00%,"1,547",26.40%,44.90%,"1,311",22.30%,38.10%,689,11.70%,"1,523",25.90%
Queens,2003,6 Year,Hispanic,"5,885","3,681",62.50%,"2,198",37.30%,59.70%,586,10.00%,15.90%,"1,612",27.40%,43.80%,"1,483",25.20%,40.30%,259,4.40%,"1,649",28.00%
Queens,2004,4 Year  June,Hispanic,"6,424","3,199",49.80%,"2,340",36.40%,73.10%,758,11.80%,23.70%,"1,582",24.60%,49.50%,859,13.40%,26.90%,"2,010",31.30%,"1,113",17.30%
Queens,2004,5 Year,Hispanic,"6,486","4,006",61.80%,"2,720",41.90%,67.90%,779,12.00%,19.40%,"1,941",29.90%,48.50%,"1,286",19.80%,32.10%,608,9.40%,"1,453",22.40%
Queens,2004,6 Year,Hispanic,"6,514","4,238",65.10%,"2,796",42.90%,66.00%,779,12.00%,18.40%,"2,017",31.00%,47.60%,"1,442",22.10%,34.00%,440,6.80%,"1,597",24.50%
Queens,2005,4 Year  June,Hispanic,"6,842","3,540",51.70%,"2,554",37.30%,72.10%,701,10.20%,19.80%,"1,853",27.10%,52.30%,986,14.40%,27.90%,"1,875",27.40%,"1,132",16.50%
Queens,2005,4 Year August,Hispanic,"6,842","3,830",56.00%,"2,673",39.10%,69.80%,705,10.30%,18.40%,"1,968",28.80%,51.40%,"1,157",16.90%,30.20%,"1,586",23.20%,"1,131",16.50%
Queens,2005,5 Year,Hispanic,"6,866","4,289",62.50%,"2,884",42.00%,67.20%,714,10.40%,16.60%,"2,170",31.60%,50.60%,"1,405",20.50%,32.80%,635,9.20%,"1,643",23.90%
Queens,2005,6 Year,Hispanic,"6,865","4,539",66.10%,"2,964",43.20%,65.30%,715,10.40%,15.80%,"2,249",32.80%,49.50%,"1,575",22.90%,34.70%,302,4.40%,"1,737",25.30%
Queens,2006,4 Year  June,Hispanic,"6,867","3,879",56.50%,"3,068",44.70%,79.10%,765,11.10%,19.70%,"2,303",33.50%,59.40%,811,11.80%,20.90%,"1,769",25.80%,989,14.40%
Queens,2006,4 Year August,Hispanic,"6,867","4,216",61.40%,"3,240",47.20%,76.90%,769,11.20%,18.20%,"2,471",36.00%,58.60%,976,14.20%,23.10%,"1,432",20.90%,989,14.40%
Queens,2006,5 Year  June,Hispanic,"6,906","4,578",66.30%,"3,431",49.70%,74.90%,773,11.20%,16.90%,"2,658",38.50%,58.10%,"1,147",16.60%,25.10%,576,8.30%,"1,452",21.00%
Queens,2006,5 Year August,Hispanic,"6,906","4,660",67.50%,"3,466",50.20%,74.40%,773,11.20%,16.60%,"2,693",39.00%,57.80%,"1,194",17.30%,25.60%,514,7.40%,"1,430",20.70%
Queens,2007,4 Year  June,Hispanic,"7,257","4,229",58.30%,"3,641",50.20%,86.10%,801,11.00%,18.90%,"2,840",39.10%,67.20%,588,8.10%,13.90%,"1,884",26.00%,967,13.30%
Queens,2007,4 Year August,Hispanic,"7,257","4,634",63.90%,"3,863",53.20%,83.40%,809,11.10%,17.50%,"3,054",42.10%,65.90%,771,10.60%,16.60%,"1,492",20.60%,960,13.20%
Queens,2001,4 Year  June,White,"2,807","1,801",64.20%,"1,394",49.70%,77.40%,713,25.40%,39.60%,681,24.30%,37.80%,413,14.70%,22.90%,544,19.40%,372,13.30%
Queens,2001,5 Year,White,"2,807","2,019",71.90%,"1,491",53.10%,73.80%,715,25.50%,35.40%,776,27.60%,38.40%,534,19.00%,26.40%,142,5.10%,520,18.50%
Queens,2001,6 Year,White,"2,807","2,057",73.30%,"1,504",53.60%,73.10%,715,25.50%,34.80%,789,28.10%,38.40%,561,20.00%,27.30%,49,1.70%,570,20.30%
Queens,2002,4 Year  June,White,"2,839","1,833",64.60%,"1,509",53.20%,82.30%,712,25.10%,38.80%,797,28.10%,43.50%,325,11.40%,17.70%,539,19.00%,383,13.50%
Queens,2002,5 Year,White,"2,839","2,072",73.00%,"1,641",57.80%,79.20%,728,25.60%,35.10%,913,32.20%,44.10%,443,15.60%,21.40%,154,5.40%,511,18.00%
Queens,2002,6 Year,White,"2,839","2,110",74.30%,"1,650",58.10%,78.20%,728,25.60%,34.50%,922,32.50%,43.70%,472,16.60%,22.40%,85,3.00%,540,19.00%
Queens,2003,4 Year  June,White,"2,580","1,747",67.70%,"1,441",55.90%,82.50%,703,27.20%,40.20%,738,28.60%,42.20%,306,11.90%,17.50%,436,16.90%,341,13.20%
Queens,2003,5 Year,White,"2,580","1,921",74.50%,"1,527",59.20%,79.50%,710,27.50%,37.00%,817,31.70%,42.50%,394,15.30%,20.50%,133,5.20%,437,16.90%
Queens,2003,6 Year,White,"2,597","1,958",75.40%,"1,540",59.30%,78.70%,710,27.30%,36.30%,830,32.00%,42.40%,418,16.10%,21.30%,60,2.30%,462,17.80%
Queens,2004,4 Year  June,White,"2,397","1,651",68.90%,"1,387",57.90%,84.00%,690,28.80%,41.80%,697,29.10%,42.20%,264,11.00%,16.00%,457,19.10%,252,10.50%
Queens,2004,5 Year,White,"2,425","1,834",75.60%,"1,480",61.00%,80.70%,694,28.60%,37.80%,786,32.40%,42.90%,354,14.60%,19.30%,129,5.30%,337,13.90%
Queens,2004,6 Year,White,"2,428","1,878",77.30%,"1,501",61.80%,79.90%,694,28.60%,37.00%,807,33.20%,43.00%,377,15.50%,20.10%,126,5.20%,358,14.70%
Queens,2005,4 Year  June,White,"2,361","1,667",70.60%,"1,369",58.00%,82.10%,635,26.90%,38.10%,734,31.10%,44.00%,298,12.60%,17.90%,369,15.60%,248,10.50%
Queens,2005,4 Year August,White,"2,361","1,738",73.60%,"1,406",59.60%,80.90%,636,26.90%,36.60%,770,32.60%,44.30%,332,14.10%,19.10%,298,12.60%,248,10.50%
Queens,2005,5 Year,White,"2,379","1,826",76.80%,"1,448",60.90%,79.30%,638,26.80%,34.90%,810,34.00%,44.40%,378,15.90%,20.70%,125,5.30%,327,13.70%
Queens,2005,6 Year,White,"2,381","1,859",78.10%,"1,463",61.40%,78.70%,638,26.80%,34.30%,825,34.60%,44.40%,396,16.60%,21.30%,91,3.80%,333,14.00%
Queens,2006,4 Year  June,White,"2,387","1,736",72.70%,"1,484",62.20%,85.50%,654,27.40%,37.70%,830,34.80%,47.80%,252,10.60%,14.50%,382,16.00%,206,8.60%
Queens,2006,4 Year August,White,"2,387","1,826",76.50%,"1,530",64.10%,83.80%,659,27.60%,36.10%,871,36.50%,47.70%,296,12.40%,16.20%,292,12.20%,206,8.60%
Queens,2006,5 Year  June,White,"2,409","1,899",78.80%,"1,575",65.40%,82.90%,659,27.40%,34.70%,916,38.00%,48.20%,324,13.40%,17.10%,129,5.40%,285,11.80%
Queens,2006,5 Year August,White,"2,409","1,910",79.30%,"1,579",65.50%,82.70%,659,27.40%,34.50%,920,38.20%,48.20%,331,13.70%,17.30%,119,4.90%,284,11.80%
Queens,2007,4 Year  June,White,"2,353","1,730",73.50%,"1,564",66.50%,90.40%,626,26.60%,36.20%,938,39.90%,54.20%,166,7.10%,9.60%,387,16.40%,190,8.10%
Queens,2007,4 Year August,White,"2,353","1,821",77.40%,"1,622",68.90%,89.10%,631,26.80%,34.70%,991,42.10%,54.40%,199,8.50%,10.90%,297,12.60%,190,8.10%
Staten Island,2001,4 Year  June,Asian,333,268,80.50%,225,67.60%,84.00%,138,41.40%,51.50%,87,26.10%,32.50%,43,12.90%,16.00%,46,13.80%,16,4.80%
Staten Island,2001,5 Year,Asian,333,292,87.70%,233,70.00%,79.80%,140,42.00%,47.90%,93,27.90%,31.80%,59,17.70%,20.20%,10,3.00%,26,7.80%
Staten Island,2001,6 Year,Asian,333,294,88.30%,234,70.30%,79.60%,140,42.00%,47.60%,94,28.20%,32.00%,60,18.00%,20.40%,6,1.80%,27,8.10%
Staten Island,2002,4 Year  June,Asian,319,265,83.10%,222,69.60%,83.80%,141,44.20%,53.20%,81,25.40%,30.60%,44,13.80%,16.60%,35,11.00%,15,4.70%
Staten Island,2002,5 Year,Asian,319,281,88.10%,229,71.80%,81.50%,142,44.50%,50.50%,87,27.30%,31.00%,53,16.60%,18.90%,12,3.80%,19,6.00%
Staten Island,2002,6 Year,Asian,319,282,88.40%,229,71.80%,81.20%,142,44.50%,50.40%,87,27.30%,30.90%,54,16.90%,19.10%,10,3.10%,20,6.30%
Staten Island,2003,4 Year  June,Asian,362,302,83.40%,261,72.10%,86.40%,152,42.00%,50.30%,109,30.10%,36.10%,41,11.30%,13.60%,39,10.80%,18,5.00%
Staten Island,2003,5 Year,Asian,362,316,87.30%,270,74.60%,85.40%,154,42.50%,48.70%,116,32.00%,36.70%,46,12.70%,14.60%,14,3.90%,25,6.90%
Staten Island,2003,6 Year,Asian,362,322,89.00%,271,74.90%,84.20%,154,42.50%,47.80%,117,32.30%,36.30%,51,14.10%,15.80%,4,1.10%,28,7.70%
Staten Island,2004,4 Year  June,Asian,368,319,86.70%,291,79.10%,91.20%,178,48.40%,55.80%,113,30.70%,35.40%,28,7.60%,8.80%,37,10.10%,6,1.60%
Staten Island,2004,5 Year,Asian,368,340,92.40%,298,81.00%,87.60%,178,48.40%,52.40%,120,32.60%,35.30%,42,11.40%,12.40%,4,1.10%,13,3.50%
Staten Island,2004,6 Year,Asian,368,342,92.90%,298,81.00%,87.10%,178,48.40%,52.00%,120,32.60%,35.10%,44,12.00%,12.90%,5,1.40%,13,3.50%
Staten Island,2005,4 Year  June,Asian,379,326,86.00%,296,78.10%,90.80%,187,49.30%,57.40%,109,28.80%,33.40%,30,7.90%,9.20%,40,10.60%,6,1.60%
Staten Island,2005,4 Year August,Asian,379,331,87.30%,299,78.90%,90.30%,187,49.30%,56.50%,112,29.60%,33.80%,32,8.40%,9.70%,35,9.20%,6,1.60%
Staten Island,2005,5 Year,Asian,377,341,90.50%,304,80.60%,89.10%,187,49.60%,54.80%,117,31.00%,34.30%,37,9.80%,10.90%,10,2.70%,13,3.40%
Staten Island,2005,6 Year,Asian,377,345,91.50%,305,80.90%,88.40%,187,49.60%,54.20%,118,31.30%,34.20%,40,10.60%,11.60%,6,1.60%,14,3.70%
Staten Island,2006,4 Year  June,Asian,439,392,89.30%,365,83.10%,93.10%,243,55.40%,62.00%,122,27.80%,31.10%,27,6.20%,6.90%,22,5.00%,17,3.90%
Staten Island,2006,4 Year August,Asian,439,393,89.50%,366,83.40%,93.10%,243,55.40%,61.80%,123,28.00%,31.30%,27,6.20%,6.90%,21,4.80%,17,3.90%
Staten Island,2006,5 Year  June,Asian,445,404,90.80%,372,83.60%,92.10%,244,54.80%,60.40%,128,28.80%,31.70%,32,7.20%,7.90%,11,2.50%,19,4.30%
Staten Island,2006,5 Year August,Asian,445,404,90.80%,372,83.60%,92.10%,244,54.80%,60.40%,128,28.80%,31.70%,32,7.20%,7.90%,11,2.50%,19,4.30%
Staten Island,2007,4 Year  June,Asian,411,374,91.00%,354,86.10%,94.70%,214,52.10%,57.20%,140,34.10%,37.40%,20,4.90%,5.30%,28,6.80%,7,1.70%
Staten Island,2007,4 Year August,Asian,411,378,92.00%,356,86.60%,94.20%,214,52.10%,56.60%,142,34.50%,37.60%,22,5.40%,5.80%,24,5.80%,7,1.70%
Staten Island,2001,4 Year  June,Black,621,282,45.40%,161,25.90%,57.10%,39,6.30%,13.80%,122,19.60%,43.30%,122,19.60%,43.30%,207,33.30%,100,16.10%
Staten Island,2001,5 Year,Black,621,338,54.40%,177,28.50%,52.40%,40,6.40%,11.80%,137,22.10%,40.50%,164,26.40%,48.50%,74,11.90%,165,26.60%
Staten Island,2001,6 Year,Black,621,354,57.00%,183,29.50%,51.70%,40,6.40%,11.30%,143,23.00%,40.40%,176,28.30%,49.70%,40,6.40%,182,29.30%
Staten Island,2002,4 Year  June,Black,686,334,48.70%,203,29.60%,60.80%,39,5.70%,11.70%,164,23.90%,49.10%,132,19.20%,39.50%,225,32.80%,90,13.10%
Staten Island,2002,5 Year,Black,686,387,56.40%,223,32.50%,57.60%,39,5.70%,10.10%,184,26.80%,47.50%,169,24.60%,43.70%,130,19.00%,122,17.80%
Staten Island,2002,6 Year,Black,686,410,59.80%,229,33.40%,55.90%,39,5.70%,9.50%,190,27.70%,46.30%,186,27.10%,45.40%,67,9.80%,158,23.00%
Staten Island,2003,4 Year  June,Black,739,396,53.60%,260,35.20%,65.70%,59,8.00%,14.90%,201,27.20%,50.80%,136,18.40%,34.30%,239,32.30%,72,9.70%
Staten Island,2003,5 Year,Black,739,445,60.20%,274,37.10%,61.60%,59,8.00%,13.30%,215,29.10%,48.30%,171,23.10%,38.40%,105,14.20%,139,18.80%
Staten Island,2003,6 Year,Black,744,463,62.20%,277,37.20%,59.80%,59,7.90%,12.70%,218,29.30%,47.10%,186,25.00%,40.20%,46,6.20%,169,22.70%
Staten Island,2004,4 Year  June,Black,694,349,50.30%,247,35.60%,70.80%,78,11.20%,22.30%,169,24.40%,48.40%,102,14.70%,29.20%,231,33.30%,90,13.00%
Staten Island,2004,5 Year,Black,731,434,59.40%,275,37.60%,63.40%,79,10.80%,18.20%,196,26.80%,45.20%,159,21.80%,36.60%,60,8.20%,136,18.60%
Staten Island,2004,6 Year,Black,731,453,62.00%,279,38.20%,61.60%,79,10.80%,17.40%,200,27.40%,44.20%,174,23.80%,38.40%,62,8.50%,159,21.80%
Staten Island,2005,4 Year  June,Black,778,429,55.10%,289,37.10%,67.40%,62,8.00%,14.50%,227,29.20%,52.90%,140,18.00%,32.60%,196,25.20%,87,11.20%
Staten Island,2005,4 Year August,Black,778,445,57.20%,294,37.80%,66.10%,62,8.00%,13.90%,232,29.80%,52.10%,151,19.40%,33.90%,180,23.10%,87,11.20%
Staten Island,2005,5 Year,Black,798,479,60.00%,306,38.30%,63.90%,61,7.60%,12.70%,245,30.70%,51.10%,173,21.70%,36.10%,86,10.80%,154,19.30%
Staten Island,2005,6 Year,Black,799,501,62.70%,312,39.00%,62.30%,61,7.60%,12.20%,251,31.40%,50.10%,189,23.70%,37.70%,48,6.00%,176,22.00%
Staten Island,2006,4 Year  June,Black,771,427,55.40%,333,43.20%,78.00%,85,11.00%,19.90%,248,32.20%,58.10%,94,12.20%,22.00%,195,25.30%,104,13.50%
Staten Island,2006,4 Year August,Black,771,449,58.20%,343,44.50%,76.40%,85,11.00%,18.90%,258,33.50%,57.50%,106,13.70%,23.60%,173,22.40%,104,13.50%
Staten Island,2006,5 Year  June,Black,783,480,61.30%,357,45.60%,74.40%,85,10.90%,17.70%,272,34.70%,56.70%,123,15.70%,25.60%,92,11.70%,159,20.30%
Staten Island,2006,5 Year August,Black,783,482,61.60%,358,45.70%,74.30%,85,10.90%,17.60%,273,34.90%,56.60%,124,15.80%,25.70%,90,11.50%,156,19.90%
Staten Island,2007,4 Year  June,Black,817,469,57.40%,394,48.20%,84.00%,55,6.70%,11.70%,339,41.50%,72.30%,75,9.20%,16.00%,215,26.30%,96,11.80%
Staten Island,2007,4 Year August,Black,817,488,59.70%,407,49.80%,83.40%,55,6.70%,11.30%,352,43.10%,72.10%,81,9.90%,16.60%,197,24.10%,95,11.60%
Staten Island,2001,4 Year  June,Hispanic,604,312,51.70%,204,33.80%,65.40%,49,8.10%,15.70%,155,25.70%,49.70%,108,17.90%,34.60%,178,29.50%,94,15.60%
Staten Island,2001,5 Year,Hispanic,604,367,60.80%,212,35.10%,57.80%,49,8.10%,13.40%,163,27.00%,44.40%,156,25.80%,42.50%,70,11.60%,140,23.20%
Staten Island,2001,6 Year,Hispanic,604,378,62.60%,212,35.10%,56.10%,49,8.10%,13.00%,163,27.00%,43.10%,167,27.60%,44.20%,43,7.10%,156,25.80%
Staten Island,2002,4 Year  June,Hispanic,731,349,47.70%,228,31.20%,65.30%,51,7.00%,14.60%,177,24.20%,50.70%,121,16.60%,34.70%,217,29.70%,133,18.20%
Staten Island,2002,5 Year,Hispanic,731,410,56.10%,253,34.60%,61.70%,53,7.30%,12.90%,200,27.40%,48.80%,163,22.30%,39.80%,112,15.30%,171,23.40%
Staten Island,2002,6 Year,Hispanic,731,432,59.10%,260,35.60%,60.20%,53,7.30%,12.30%,207,28.30%,47.90%,178,24.40%,41.20%,59,8.10%,201,27.50%
Staten Island,2003,4 Year  June,Hispanic,760,381,50.10%,276,36.30%,72.40%,84,11.10%,22.00%,192,25.30%,50.40%,105,13.80%,27.60%,251,33.00%,109,14.30%
Staten Island,2003,5 Year,Hispanic,760,448,58.90%,296,38.90%,66.10%,84,11.10%,18.80%,212,27.90%,47.30%,152,20.00%,33.90%,108,14.20%,171,22.50%
Staten Island,2003,6 Year,Hispanic,774,486,62.80%,303,39.10%,62.30%,84,10.90%,17.30%,219,28.30%,45.10%,183,23.60%,37.70%,47,6.10%,193,24.90%
Staten Island,2004,4 Year  June,Hispanic,829,429,51.70%,312,37.60%,72.70%,85,10.30%,19.80%,227,27.40%,52.90%,117,14.10%,27.30%,258,31.10%,118,14.20%
Staten Island,2004,5 Year,Hispanic,865,523,60.50%,344,39.80%,65.80%,86,9.90%,16.40%,258,29.80%,49.30%,179,20.70%,34.20%,75,8.70%,184,21.30%
Staten Island,2004,6 Year,Hispanic,864,550,63.70%,351,40.60%,63.80%,86,10.00%,15.60%,265,30.70%,48.20%,199,23.00%,36.20%,76,8.80%,200,23.10%
Staten Island,2005,4 Year  June,Hispanic,915,479,52.30%,358,39.10%,74.70%,94,10.30%,19.60%,264,28.90%,55.10%,121,13.20%,25.30%,238,26.00%,127,13.90%
Staten Island,2005,4 Year August,Hispanic,915,513,56.10%,369,40.30%,71.90%,94,10.30%,18.30%,275,30.10%,53.60%,144,15.70%,28.10%,204,22.30%,127,13.90%
Staten Island,2005,5 Year,Hispanic,932,568,60.90%,386,41.40%,68.00%,94,10.10%,16.50%,292,31.30%,51.40%,182,19.50%,32.00%,87,9.30%,203,21.80%
Staten Island,2005,6 Year,Hispanic,930,595,64.00%,395,42.50%,66.40%,94,10.10%,15.80%,301,32.40%,50.60%,200,21.50%,33.60%,44,4.70%,219,23.50%
Staten Island,2006,4 Year  June,Hispanic,906,547,60.40%,425,46.90%,77.70%,114,12.60%,20.80%,311,34.30%,56.90%,122,13.50%,22.30%,194,21.40%,116,12.80%
Staten Island,2006,4 Year August,Hispanic,906,564,62.30%,433,47.80%,76.80%,114,12.60%,20.20%,319,35.20%,56.60%,131,14.50%,23.20%,177,19.50%,116,12.80%
Staten Island,2006,5 Year  June,Hispanic,915,605,66.10%,449,49.10%,74.20%,114,12.50%,18.80%,335,36.60%,55.40%,156,17.00%,25.80%,75,8.20%,181,19.80%
Staten Island,2006,5 Year August,Hispanic,915,613,67.00%,451,49.30%,73.60%,114,12.50%,18.60%,337,36.80%,55.00%,162,17.70%,26.40%,70,7.70%,177,19.30%
Staten Island,2007,4 Year  June,Hispanic,"1,000",588,58.80%,504,50.40%,85.70%,105,10.50%,17.90%,399,39.90%,67.90%,84,8.40%,14.30%,243,24.30%,125,12.50%
Staten Island,2007,4 Year August,Hispanic,"1,000",609,60.90%,516,51.60%,84.70%,106,10.60%,17.40%,410,41.00%,67.30%,93,9.30%,15.30%,222,22.20%,124,12.40%
Staten Island,2001,4 Year  June,White,"2,304","1,700",73.80%,"1,309",56.80%,77.00%,650,28.20%,38.20%,659,28.60%,38.80%,391,17.00%,23.00%,351,15.20%,205,8.90%
Staten Island,2001,5 Year,White,"2,304","1,835",79.60%,"1,353",58.70%,73.70%,654,28.40%,35.60%,699,30.30%,38.10%,485,21.10%,26.40%,73,3.20%,327,14.20%
Staten Island,2001,6 Year,White,"2,304","1,842",79.90%,"1,356",58.90%,73.60%,654,28.40%,35.50%,702,30.50%,38.10%,492,21.40%,26.70%,41,1.80%,349,15.10%
Staten Island,2002,4 Year  June,White,"2,389","1,768",74.00%,"1,384",57.90%,78.30%,628,26.30%,35.50%,756,31.60%,42.80%,384,16.10%,21.70%,364,15.20%,187,7.80%
Staten Island,2002,5 Year,White,"2,389","1,904",79.70%,"1,434",60.00%,75.30%,629,26.30%,33.00%,805,33.70%,42.30%,477,20.00%,25.10%,127,5.30%,266,11.10%
Staten Island,2002,6 Year,White,"2,389","1,933",80.90%,"1,439",60.20%,74.40%,629,26.30%,32.50%,810,33.90%,41.90%,501,21.00%,25.90%,69,2.90%,294,12.30%
Staten Island,2003,4 Year  June,White,"2,336","1,726",73.90%,"1,366",58.50%,79.10%,586,25.10%,34.00%,780,33.40%,45.20%,360,15.40%,20.90%,381,16.30%,171,7.30%
Staten Island,2003,5 Year,White,"2,336","1,858",79.50%,"1,417",60.70%,76.30%,591,25.30%,31.80%,826,35.40%,44.50%,441,18.90%,23.70%,120,5.10%,268,11.50%
Staten Island,2003,6 Year,White,"2,347","1,891",80.60%,"1,423",60.60%,75.30%,591,25.20%,31.30%,832,35.40%,44.00%,468,19.90%,24.70%,56,2.40%,294,12.50%
Staten Island,2004,4 Year  June,White,"2,243","1,686",75.20%,"1,366",60.90%,81.00%,687,30.60%,40.70%,679,30.30%,40.30%,320,14.30%,19.00%,315,14.00%,167,7.40%
Staten Island,2004,5 Year,White,"2,299","1,837",79.90%,"1,417",61.60%,77.10%,690,30.00%,37.60%,727,31.60%,39.60%,420,18.30%,22.90%,89,3.90%,237,10.30%
Staten Island,2004,6 Year,White,"2,292","1,862",81.20%,"1,426",62.20%,76.60%,690,30.10%,37.10%,736,32.10%,39.50%,436,19.00%,23.40%,96,4.20%,252,11.00%
Staten Island,2005,4 Year  June,White,"2,368","1,855",78.30%,"1,521",64.20%,82.00%,715,30.20%,38.50%,806,34.00%,43.50%,334,14.10%,18.00%,277,11.70%,139,5.90%
Staten Island,2005,4 Year August,White,"2,368","1,893",79.90%,"1,541",65.10%,81.40%,715,30.20%,37.80%,826,34.90%,43.60%,352,14.90%,18.60%,239,10.10%,139,5.90%
Staten Island,2005,5 Year,White,"2,390","1,967",82.30%,"1,572",65.80%,79.90%,716,30.00%,36.40%,856,35.80%,43.50%,395,16.50%,20.10%,96,4.00%,211,8.80%
Staten Island,2005,6 Year,White,"2,388","1,991",83.40%,"1,580",66.20%,79.40%,716,30.00%,36.00%,864,36.20%,43.40%,411,17.20%,20.60%,64,2.70%,216,9.00%
Staten Island,2006,4 Year  June,White,"2,461","1,961",79.70%,"1,678",68.20%,85.60%,746,30.30%,38.00%,932,37.90%,47.50%,283,11.50%,14.40%,268,10.90%,174,7.10%
Staten Island,2006,4 Year August,White,"2,461","1,998",81.20%,"1,697",69.00%,84.90%,748,30.40%,37.40%,949,38.60%,47.50%,301,12.20%,15.10%,232,9.40%,173,7.00%
Staten Island,2006,5 Year  June,White,"2,478","2,052",82.80%,"1,719",69.40%,83.80%,748,30.20%,36.50%,971,39.20%,47.30%,333,13.40%,16.20%,85,3.40%,251,10.10%
Staten Island,2006,5 Year August,White,"2,478","2,058",83.10%,"1,721",69.50%,83.60%,748,30.20%,36.30%,973,39.30%,47.30%,337,13.60%,16.40%,85,3.40%,245,9.90%
Staten Island,2007,4 Year  June,White,"2,237","1,796",80.30%,"1,606",71.80%,89.40%,625,27.90%,34.80%,981,43.90%,54.60%,190,8.50%,10.60%,246,11.00%,154,6.90%
Staten Island,2007,4 Year August,White,"2,237","1,842",82.30%,"1,633",73.00%,88.70%,625,27.90%,33.90%,"1,008",45.10%,54.70%,209,9.30%,11.30%,201,9.00%,153,6.80%
