Borough,Grade,Year,Category,Number Tested,Mean Scale Score,Level 1 #,Level 1 %,Level 2 #,Level 2 %,Level 3 #,Level 3 %,Level 4 #,Level 4 %,Level 3+4 #,Level 3+4 %
BRONX,3,2006,Asian,572,689,35,6.1%,63,11%,247,43.2%,227,39.7%,474,82.9%
BRONX,3,2006,Black,5296,662,645,12.2%,1088,20.5%,2826,53.4%,737,13.9%,3563,67.3%
BRONX,3,2006,Hispanic,9875,661,1336,13.5%,2044,20.7%,5188,52.5%,1307,13.2%,6495,65.8%
BRONX,3,2006,White,636,686,37,5.8%,43,6.8%,333,52.4%,223,35.1%,556,87.4%
BRONX,3,2007,Asian,555,697,14,2.5%,41,7.4%,253,45.6%,247,44.5%,500,90.1%
BRONX,3,2007,Black,5066,671,450,8.9%,843,16.6%,2844,56.1%,929,18.3%,3773,74.5%
BRONX,3,2007,Hispanic,9817,672,756,7.7%,1708,17.4%,5495,56%,1858,18.9%,7353,74.9%
BRONX,3,2007,White,630,695,16,2.5%,36,5.7%,330,52.4%,248,39.4%,578,91.7%
BRONX,3,2008,Asian,523,704,7,1.3%,14,2.7%,268,51.2%,234,44.7%,502,96%
BRONX,3,2008,Black,4804,674,231,4.8%,701,14.6%,3223,67.1%,649,13.5%,3872,80.6%
BRONX,3,2008,Hispanic,9546,676,417,4.4%,1292,13.5%,6465,67.7%,1372,14.4%,7837,82.1%
BRONX,3,2008,White,637,695,12,1.9%,40,6.3%,397,62.3%,188,29.5%,585,91.8%
BRONX,3,2009,Asian,643,704,6,0.9%,18,2.8%,358,55.7%,261,40.6%,619,96.3%
BRONX,3,2009,Black,4671,678,72,1.5%,534,11.4%,3412,73%,653,14%,4065,87%
BRONX,3,2009,Hispanic,9675,680,174,1.8%,970,10%,6992,72.3%,1539,15.9%,8531,88.2%
BRONX,3,2009,White,677,696,6,0.9%,34,5%,430,63.5%,207,30.6%,637,94.1%
BRONX,3,2010,Asian,646,701,42,6.5%,149,23.1%,229,35.4%,226,35%,455,70.4%
BRONX,3,2010,Black,4531,680,833,18.4%,1958,43.2%,1226,27.1%,514,11.3%,1740,38.4%
BRONX,3,2010,Hispanic,9848,682,1687,17.1%,3987,40.5%,2873,29.2%,1301,13.2%,4174,42.4%
BRONX,3,2010,White,690,695,61,8.8%,188,27.2%,253,36.7%,188,27.2%,441,63.9%
BRONX,3,2011,Asian,592,692,33,5.6%,136,23%,310,52.4%,113,19.1%,423,71.5%
BRONX,3,2011,Black,4549,677,803,17.7%,2029,44.6%,1542,33.9%,175,3.8%,1717,37.7%
BRONX,3,2011,Hispanic,9862,678,1657,16.8%,4225,42.8%,3522,35.7%,458,4.6%,3980,40.4%
BRONX,3,2011,Pacific Islander,27,683,4,14.8%,11,40.7%,9,33.3%,3,11.1%,12,44.4%
BRONX,3,2011,White,677,689,57,8.4%,179,26.4%,325,48%,116,17.1%,441,65.1%
BRONX,4,2006,Asian,642,681,48,7.5%,78,12.1%,308,48%,208,32.4%,516,80.4%
BRONX,4,2006,Black,4931,658,642,13%,1262,25.6%,2498,50.7%,529,10.7%,3027,61.4%
BRONX,4,2006,Hispanic,9451,655,1452,15.4%,2462,26.1%,4510,47.7%,1027,10.9%,5537,58.6%
BRONX,4,2006,White,696,676,57,8.2%,104,14.9%,345,49.6%,190,27.3%,535,76.9%
BRONX,4,2007,Asian,545,690,27,5%,64,11.7%,233,42.8%,221,40.6%,454,83.3%
BRONX,4,2007,Black,5089,659,634,12.5%,1292,25.4%,2581,50.7%,582,11.4%,3163,62.2%
BRONX,4,2007,Hispanic,9702,661,1192,12.3%,2329,24%,5005,51.6%,1176,12.1%,6181,63.7%
BRONX,4,2007,White,636,684,40,6.3%,71,11.2%,332,52.2%,193,30.3%,525,82.5%
BRONX,4,2008,Asian,573,695,18,3.1%,45,7.9%,260,45.4%,250,43.6%,510,89%
BRONX,4,2008,Black,4880,665,490,10%,947,19.4%,2827,57.9%,616,12.6%,3443,70.6%
BRONX,4,2008,Hispanic,9578,666,864,9%,1873,19.6%,5528,57.7%,1313,13.7%,6841,71.4%
BRONX,4,2008,White,619,686,23,3.7%,58,9.4%,344,55.6%,194,31.3%,538,86.9%
BRONX,4,2009,Asian,524,705,14,2.7%,18,3.4%,219,41.8%,273,52.1%,492,93.9%
BRONX,4,2009,Black,4737,674,354,7.5%,732,15.5%,2667,56.3%,984,20.8%,3651,77.1%
BRONX,4,2009,Hispanic,9521,677,632,6.6%,1379,14.5%,5391,56.6%,2119,22.3%,7510,78.9%
BRONX,4,2009,White,621,695,21,3.4%,48,7.7%,285,45.9%,267,43%,552,88.9%
BRONX,4,2010,Asian,647,701,26,4%,136,21%,215,33.2%,270,41.7%,485,75%
BRONX,4,2010,Black,4657,671,468,10%,2204,47.3%,1490,32%,495,10.6%,1985,42.6%
BRONX,4,2010,Hispanic,9798,672,998,10.2%,4385,44.8%,3222,32.9%,1193,12.2%,4415,45.1%
BRONX,4,2010,White,669,691,29,4.3%,193,28.8%,255,38.1%,192,28.7%,447,66.8%
BRONX,4,2011,Asian,624,699,31,5%,105,16.8%,225,36.1%,263,42.1%,488,78.2%
BRONX,4,2011,Black,4524,673,454,10%,1959,43.3%,1586,35.1%,525,11.6%,2111,46.7%
BRONX,4,2011,Hispanic,9961,674,1013,10.2%,4116,41.3%,3661,36.8%,1171,11.8%,4832,48.5%
BRONX,4,2011,Pacific Islander,26,687,0,0%,9,34.6%,13,50%,4,15.4%,17,65.4%
BRONX,4,2011,White,681,691,28,4.1%,178,26.1%,280,41.1%,195,28.6%,475,69.8%
BRONX,5,2006,Asian,649,668,75,11.6%,116,17.9%,310,47.8%,148,22.8%,458,70.6%
BRONX,5,2006,Black,5065,645,954,18.8%,1812,35.8%,2056,40.6%,243,4.8%,2299,45.4%
BRONX,5,2006,Hispanic,9958,645,1870,18.8%,3454,34.7%,3989,40.1%,645,6.5%,4634,46.5%
BRONX,5,2006,White,608,669,59,9.7%,124,20.4%,291,47.9%,134,22%,425,69.9%
BRONX,5,2007,Asian,630,682,41,6.5%,83,13.2%,303,48.1%,203,32.2%,506,80.3%
BRONX,5,2007,Black,5096,654,619,12.1%,1618,31.8%,2460,48.3%,399,7.8%,2859,56.1%
BRONX,5,2007,Hispanic,9759,654,1250,12.8%,3021,31%,4640,47.5%,848,8.7%,5488,56.2%
BRONX,5,2007,White,671,675,38,5.7%,123,18.3%,356,53.1%,154,23%,510,76%
BRONX,5,2008,Asian,560,691,22,3.9%,55,9.8%,247,44.1%,236,42.1%,483,86.3%
BRONX,5,2008,Black,4927,661,411,8.3%,1163,23.6%,2825,57.3%,528,10.7%,3353,68.1%
BRONX,5,2008,Hispanic,9562,662,775,8.1%,2149,22.5%,5495,57.5%,1143,12%,6638,69.4%
BRONX,5,2008,White,634,686,22,3.5%,68,10.7%,341,53.8%,203,32%,544,85.8%
BRONX,5,2009,Asian,578,699,9,1.6%,26,4.5%,230,39.8%,313,54.2%,543,93.9%
BRONX,5,2009,Black,4732,670,238,5%,850,18%,2766,58.5%,878,18.6%,3644,77%
BRONX,5,2009,Hispanic,9499,672,402,4.2%,1650,17.4%,5474,57.6%,1973,20.8%,7447,78.4%
BRONX,5,2009,White,588,690,13,2.2%,53,9%,262,44.6%,260,44.2%,522,88.8%
BRONX,5,2010,Asian,550,694,27,4.9%,109,19.8%,204,37.1%,210,38.2%,414,75.3%
BRONX,5,2010,Black,4648,670,541,11.6%,2044,44%,1555,33.5%,508,10.9%,2063,44.4%
BRONX,5,2010,Hispanic,9590,672,1100,11.5%,3991,41.6%,3282,34.2%,1217,12.7%,4499,46.9%
BRONX,5,2010,White,622,690,37,5.9%,144,23.2%,250,40.2%,191,30.7%,441,70.9%
BRONX,5,2011,Asian,634,697,23,3.6%,135,21.3%,227,35.8%,249,39.3%,476,75.1%
BRONX,5,2011,Black,4445,673,448,10.1%,1790,40.3%,1773,39.9%,434,9.8%,2207,49.7%
BRONX,5,2011,Hispanic,9826,673,1053,10.7%,3958,40.3%,3779,38.5%,1036,10.5%,4815,49%
BRONX,5,2011,Pacific Islander,33,692,3,9.1%,6,18.2%,14,42.4%,10,30.3%,24,72.7%
BRONX,5,2011,White,670,690,28,4.2%,166,24.8%,285,42.5%,191,28.5%,476,71%
BRONX,6,2006,Asian,562,664,64,11.4%,109,19.4%,285,50.7%,104,18.5%,389,69.2%
BRONX,6,2006,Black,4996,635,1274,25.5%,1879,37.6%,1674,33.5%,169,3.4%,1843,36.9%
BRONX,6,2006,Hispanic,9596,634,2659,27.7%,3432,35.8%,3196,33.3%,309,3.2%,3505,36.5%
BRONX,6,2006,White,567,659,68,12%,135,23.8%,280,49.4%,84,14.8%,364,64.2%
BRONX,6,2007,Asian,608,670,65,10.7%,102,16.8%,291,47.9%,150,24.7%,441,72.5%
BRONX,6,2007,Black,4724,644,897,19%,1667,35.3%,1923,40.7%,237,5%,2160,45.7%
BRONX,6,2007,Hispanic,9589,646,1799,18.8%,3198,33.4%,3978,41.5%,614,6.4%,4592,47.9%
BRONX,6,2007,White,558,664,67,12%,118,21.1%,268,48%,105,18.8%,373,66.8%
BRONX,6,2008,Asian,600,683,33,5.5%,71,11.8%,273,45.5%,223,37.2%,496,82.7%
BRONX,6,2008,Black,4770,651,599,12.6%,1479,31%,2343,49.1%,349,7.3%,2692,56.4%
BRONX,6,2008,Hispanic,9345,653,1147,12.3%,2748,29.4%,4597,49.2%,853,9.1%,5450,58.3%
BRONX,6,2008,White,578,674,40,6.9%,88,15.2%,291,50.3%,159,27.5%,450,77.9%
BRONX,6,2009,Asian,555,690,22,4%,59,10.6%,246,44.3%,228,41.1%,474,85.4%
BRONX,6,2009,Black,4786,659,433,9%,1292,27%,2638,55.1%,423,8.8%,3061,64%
BRONX,6,2009,Hispanic,9457,662,748,7.9%,2409,25.5%,5172,54.7%,1128,11.9%,6300,66.6%
BRONX,6,2009,White,563,680,24,4.3%,80,14.2%,279,49.6%,180,32%,459,81.5%
BRONX,6,2010,Asian,570,692,30,5.3%,129,22.6%,174,30.5%,237,41.6%,411,72.1%
BRONX,6,2010,Black,4709,661,854,18.1%,2165,46%,1230,26.1%,460,9.8%,1690,35.9%
BRONX,6,2010,Hispanic,9476,664,1640,17.3%,4088,43.1%,2622,27.7%,1126,11.9%,3748,39.6%
BRONX,6,2010,White,539,684,36,6.7%,147,27.3%,194,36%,162,30.1%,356,66%
BRONX,6,2011,Asian,494,689,28,5.7%,95,19.2%,195,39.5%,176,35.6%,371,75.1%
BRONX,6,2011,Black,4575,664,847,18.5%,1985,43.4%,1349,29.5%,394,8.6%,1743,38.1%
BRONX,6,2011,Hispanic,9631,666,1591,16.5%,4059,42.1%,2960,30.7%,1021,10.6%,3981,41.3%
BRONX,6,2011,Pacific Islander,44,686,1,2.3%,13,29.5%,20,45.5%,10,22.7%,30,68.2%
BRONX,6,2011,White,571,684,49,8.6%,133,23.3%,223,39.1%,166,29.1%,389,68.1%
BRONX,7,2006,Asian,532,656,57,10.7%,155,29.1%,231,43.4%,89,16.7%,320,60.2%
BRONX,7,2006,Black,5447,627,1463,26.9%,2510,46.1%,1414,26%,60,1.1%,1474,27.1%
BRONX,7,2006,Hispanic,10063,628,2587,25.7%,4502,44.7%,2802,27.8%,172,1.7%,2974,29.6%
BRONX,7,2006,White,544,651,59,10.8%,177,32.5%,266,48.9%,42,7.7%,308,56.6%
BRONX,7,2007,Asian,582,669,49,8.4%,124,21.3%,254,43.6%,155,26.6%,409,70.3%
BRONX,7,2007,Black,5198,639,851,16.4%,2321,44.7%,1799,34.6%,227,4.4%,2026,39%
BRONX,7,2007,Hispanic,9738,641,1607,16.5%,4125,42.4%,3561,36.6%,445,4.6%,4006,41.1%
BRONX,7,2007,White,567,665,45,7.9%,139,24.5%,265,46.7%,118,20.8%,383,67.5%
BRONX,7,2008,Asian,598,669,34,5.7%,105,17.6%,316,52.8%,143,23.9%,459,76.8%
BRONX,7,2008,Black,4962,650,438,8.8%,1844,37.2%,2376,47.9%,304,6.1%,2680,54%
BRONX,7,2008,Hispanic,9805,651,843,8.6%,3445,35.1%,4821,49.2%,696,7.1%,5517,56.3%
BRONX,7,2008,White,539,672,23,4.3%,109,20.2%,275,51%,132,24.5%,407,75.5%
BRONX,7,2009,Asian,616,684,12,1.9%,71,11.5%,308,50%,225,36.5%,533,86.5%
BRONX,7,2009,Black,4849,660,140,2.9%,1330,27.4%,3010,62.1%,369,7.6%,3379,69.7%
BRONX,7,2009,Hispanic,9491,661,336,3.5%,2424,25.5%,5857,61.7%,874,9.2%,6731,70.9%
BRONX,7,2009,White,571,678,9,1.6%,77,13.5%,332,58.1%,153,26.8%,485,84.9%
BRONX,7,2010,Asian,571,681,56,9.8%,134,23.5%,167,29.2%,214,37.5%,381,66.7%
BRONX,7,2010,Black,4759,657,925,19.4%,2214,46.5%,1217,25.6%,403,8.5%,1620,34%
BRONX,7,2010,Hispanic,9598,659,1740,18.1%,4176,43.5%,2678,27.9%,1004,10.5%,3682,38.4%
BRONX,7,2010,White,544,677,42,7.7%,169,31.1%,181,33.3%,152,27.9%,333,61.2%
BRONX,7,2011,Asian,542,686,41,7.6%,102,18.8%,176,32.5%,223,41.1%,399,73.6%
BRONX,7,2011,Black,4651,660,832,17.9%,2136,45.9%,1259,27.1%,424,9.1%,1683,36.2%
BRONX,7,2011,Hispanic,9596,662,1599,16.7%,4101,42.7%,2838,29.6%,1058,11%,3896,40.6%
BRONX,7,2011,Pacific Islander,34,661,6,17.6%,12,35.3%,12,35.3%,4,11.8%,16,47.1%
BRONX,7,2011,White,553,681,39,7.1%,149,26.9%,172,31.1%,193,34.9%,365,66%
BRONX,8,2006,Asian,485,654,84,17.3%,136,28%,200,41.2%,65,13.4%,265,54.6%
BRONX,8,2006,Black,5428,623,1990,36.7%,2268,41.8%,1086,20%,84,1.5%,1170,21.6%
BRONX,8,2006,Hispanic,10125,626,3322,32.8%,4309,42.6%,2314,22.9%,180,1.8%,2494,24.6%
BRONX,8,2006,White,610,645,117,19.2%,198,32.5%,255,41.8%,40,6.6%,295,48.4%
BRONX,8,2007,Asian,535,667,49,9.2%,127,23.7%,240,44.9%,119,22.2%,359,67.1%
BRONX,8,2007,Black,5462,631,1646,30.1%,2314,42.4%,1395,25.5%,107,2%,1502,27.5%
BRONX,8,2007,Hispanic,10099,634,2698,26.7%,4300,42.6%,2881,28.5%,220,2.2%,3101,30.7%
BRONX,8,2007,White,554,652,82,14.8%,174,31.4%,249,44.9%,49,8.8%,298,53.8%
BRONX,8,2008,Asian,568,676,30,5.3%,111,19.5%,276,48.6%,151,26.6%,427,75.2%
BRONX,8,2008,Black,5061,642,893,17.6%,2073,41%,1895,37.4%,200,4%,2095,41.4%
BRONX,8,2008,Hispanic,9503,646,1426,15%,3641,38.3%,4011,42.2%,425,4.5%,4436,46.7%
BRONX,8,2008,White,576,664,44,7.6%,140,24.3%,308,53.5%,84,14.6%,392,68.1%
BRONX,8,2009,Asian,599,676,38,6.3%,95,15.9%,313,52.3%,153,25.5%,466,77.8%
BRONX,8,2009,Black,4968,655,330,6.6%,1715,34.5%,2640,53.1%,283,5.7%,2923,58.8%
BRONX,8,2009,Hispanic,9821,658,635,6.5%,3048,31%,5470,55.7%,668,6.8%,6138,62.5%
BRONX,8,2009,White,551,674,17,3.1%,110,20%,304,55.2%,120,21.8%,424,77%
BRONX,8,2010,Asian,627,685,50,8%,173,27.6%,231,36.8%,173,27.6%,404,64.4%
BRONX,8,2010,Black,4911,658,1115,22.7%,2500,50.9%,1028,20.9%,268,5.5%,1296,26.4%
BRONX,8,2010,Hispanic,9721,660,1951,20.1%,4846,49.9%,2265,23.3%,659,6.8%,2924,30.1%
BRONX,8,2010,White,548,675,67,12.2%,200,36.5%,175,31.9%,106,19.3%,281,51.3%
BRONX,8,2011,Asian,562,684,54,9.6%,126,22.4%,220,39.1%,162,28.8%,382,68%
BRONX,8,2011,Black,4717,660,882,18.7%,2247,47.6%,1333,28.3%,255,5.4%,1588,33.7%
BRONX,8,2011,Hispanic,9834,662,1671,17%,4414,44.9%,3174,32.3%,575,5.8%,3749,38.1%
BRONX,8,2011,Pacific Islander,38,675,5,13.2%,11,28.9%,14,36.8%,8,21.1%,22,57.9%
BRONX,8,2011,White,534,678,48,9%,166,31.1%,209,39.1%,111,20.8%,320,59.9%
BRONX,All Grades,2006,Asian,3442,670,363,10.5%,657,19.1%,1581,45.9%,841,24.4%,2422,70.4%
BRONX,All Grades,2006,Black,31163,641,6968,22.4%,10819,34.7%,11554,37.1%,1822,5.8%,13376,42.9%
BRONX,All Grades,2006,Hispanic,59068,641,13226,22.4%,20203,34.2%,21999,37.2%,3640,6.2%,25639,43.4%
BRONX,All Grades,2006,White,3661,665,397,10.8%,781,21.3%,1770,48.3%,713,19.5%,2483,67.8%
BRONX,All Grades,2007,Asian,3455,679,245,7.1%,541,15.7%,1574,45.6%,1095,31.7%,2669,77.3%
BRONX,All Grades,2007,Black,30635,649,5097,16.6%,10055,32.8%,13002,42.4%,2481,8.1%,15483,50.5%
BRONX,All Grades,2007,Hispanic,58704,651,9302,15.8%,18681,31.8%,25560,43.5%,5161,8.8%,30721,52.3%
BRONX,All Grades,2007,White,3616,673,288,8%,661,18.3%,1800,49.8%,867,24%,2667,73.8%
BRONX,All Grades,2008,Asian,3422,686,144,4.2%,401,11.7%,1640,47.9%,1237,36.1%,2877,84.1%
BRONX,All Grades,2008,Black,29404,657,3062,10.4%,8207,27.9%,15489,52.7%,2646,9%,18135,61.7%
BRONX,All Grades,2008,Hispanic,57339,659,5472,9.5%,15148,26.4%,30917,53.9%,5802,10.1%,36719,64%
BRONX,All Grades,2008,White,3583,680,164,4.6%,503,14%,1956,54.6%,960,26.8%,2916,81.4%
BRONX,All Grades,2009,Asian,3515,693,101,2.9%,287,8.2%,1674,47.6%,1453,41.3%,3127,89%
BRONX,All Grades,2009,Black,28743,666,1567,5.5%,6453,22.5%,17133,59.6%,3590,12.5%,20723,72.1%
BRONX,All Grades,2009,Hispanic,57464,668,2927,5.1%,11880,20.7%,34356,59.8%,8301,14.4%,42657,74.2%
BRONX,All Grades,2009,White,3571,686,90,2.5%,402,11.3%,1892,53%,1187,33.2%,3079,86.2%
BRONX,All Grades,2010,Asian,3611,693,231,6.4%,830,23%,1220,33.8%,1330,36.8%,2550,70.6%
BRONX,All Grades,2010,Black,28215,666,4736,16.8%,13085,46.4%,7746,27.5%,2648,9.4%,10394,36.8%
BRONX,All Grades,2010,Hispanic,58031,668,9116,15.7%,25473,43.9%,16942,29.2%,6500,11.2%,23442,40.4%
BRONX,All Grades,2010,White,3612,686,272,7.5%,1041,28.8%,1308,36.2%,991,27.4%,2299,63.6%
BRONX,All Grades,2011,Asian,3448,691,210,6.1%,699,20.3%,1353,39.2%,1186,34.4%,2539,73.6%
BRONX,All Grades,2011,Black,27461,668,4266,15.5%,12146,44.2%,8842,32.2%,2207,8%,11049,40.2%
BRONX,All Grades,2011,Hispanic,58710,669,8584,14.6%,24873,42.4%,19934,34%,5319,9.1%,25253,43%
BRONX,All Grades,2011,Pacific Islander,202,680,19,9.4%,62,30.7%,82,40.6%,39,19.3%,121,59.9%
BRONX,All Grades,2011,White,3686,686,249,6.8%,971,26.3%,1494,40.5%,972,26.4%,2466,66.9%
BROOKLYN,3,2006,Asian,2630,699,76,2.9%,158,6%,1109,42.2%,1287,48.9%,2396,91.1%
BROOKLYN,3,2006,Black,10534,666,1160,11%,1998,19%,5633,53.5%,1743,16.5%,7376,70%
BROOKLYN,3,2006,Hispanic,6560,668,641,9.8%,1234,18.8%,3518,53.6%,1167,17.8%,4685,71.4%
BROOKLYN,3,2006,White,3221,693,129,4%,224,7%,1516,47.1%,1352,42%,2868,89%
BROOKLYN,3,2007,Asian,2555,705,47,1.8%,111,4.3%,1010,39.5%,1387,54.3%,2397,93.8%
BROOKLYN,3,2007,Black,10355,676,671,6.5%,1612,15.6%,5764,55.7%,2308,22.3%,8072,78%
BROOKLYN,3,2007,Hispanic,6533,678,410,6.3%,931,14.3%,3661,56%,1531,23.4%,5192,79.5%
BROOKLYN,3,2007,White,3202,700,105,3.3%,188,5.9%,1421,44.4%,1488,46.5%,2909,90.8%
BROOKLYN,3,2008,Asian,2755,706,24,0.9%,104,3.8%,1339,48.6%,1288,46.8%,2627,95.4%
BROOKLYN,3,2008,Black,9515,677,416,4.4%,1151,12.1%,6411,67.4%,1537,16.2%,7948,83.5%
BROOKLYN,3,2008,Hispanic,6435,679,237,3.7%,746,11.6%,4388,68.2%,1064,16.5%,5452,84.7%
BROOKLYN,3,2008,White,3070,701,50,1.6%,122,4%,1610,52.4%,1288,42%,2898,94.4%
BROOKLYN,3,2009,Asian,2926,710,14,0.5%,83,2.8%,1481,50.6%,1348,46.1%,2829,96.7%
BROOKLYN,3,2009,Black,9244,682,175,1.9%,867,9.4%,6577,71.1%,1625,17.6%,8202,88.7%
BROOKLYN,3,2009,Hispanic,6319,685,89,1.4%,520,8.2%,4501,71.2%,1209,19.1%,5710,90.4%
BROOKLYN,3,2009,White,3200,703,29,0.9%,107,3.3%,1817,56.8%,1247,39%,3064,95.8%
BROOKLYN,3,2010,Asian,3052,706,138,4.5%,577,18.9%,1110,36.4%,1227,40.2%,2337,76.6%
BROOKLYN,3,2010,Black,9123,683,1518,16.6%,3633,39.8%,2648,29%,1324,14.5%,3972,43.5%
BROOKLYN,3,2010,Hispanic,6372,685,899,14.1%,2478,38.9%,1990,31.2%,1005,15.8%,2995,47%
BROOKLYN,3,2010,White,3365,702,184,5.5%,760,22.6%,1238,36.8%,1183,35.2%,2421,71.9%
BROOKLYN,3,2011,Asian,3061,694,148,4.8%,580,18.9%,1565,51.1%,768,25.1%,2333,76.2%
BROOKLYN,3,2011,Black,8887,680,1345,15.1%,3621,40.7%,3350,37.7%,571,6.4%,3921,44.1%
BROOKLYN,3,2011,Hispanic,6560,681,917,14%,2552,38.9%,2646,40.3%,445,6.8%,3091,47.1%
BROOKLYN,3,2011,Pacific Islander,39,688,4,10.3%,12,30.8%,18,46.2%,5,12.8%,23,59%
BROOKLYN,3,2011,White,3511,694,186,5.3%,653,18.6%,1833,52.2%,839,23.9%,2672,76.1%
BROOKLYN,4,2006,Asian,2652,698,79,3%,165,6.2%,1151,43.4%,1257,47.4%,2408,90.8%
BROOKLYN,4,2006,Black,10194,661,1274,12.5%,2419,23.7%,5103,50.1%,1398,13.7%,6501,63.8%
BROOKLYN,4,2006,Hispanic,6381,663,755,11.8%,1339,21%,3343,52.4%,944,14.8%,4287,67.2%
BROOKLYN,4,2006,White,3265,688,158,4.8%,305,9.3%,1566,48%,1236,37.9%,2802,85.8%
BROOKLYN,4,2007,Asian,2696,703,62,2.3%,176,6.5%,1094,40.6%,1364,50.6%,2458,91.2%
BROOKLYN,4,2007,Black,9954,665,957,9.6%,2260,22.7%,5220,52.4%,1517,15.2%,6737,67.7%
BROOKLYN,4,2007,Hispanic,6385,667,642,10.1%,1243,19.5%,3428,53.7%,1072,16.8%,4500,70.5%
BROOKLYN,4,2007,White,3170,693,110,3.5%,249,7.9%,1532,48.3%,1279,40.3%,2811,88.7%
BROOKLYN,4,2008,Asian,2607,705,50,1.9%,109,4.2%,1042,40%,1406,53.9%,2448,93.9%
BROOKLYN,4,2008,Black,9985,670,805,8.1%,1822,18.2%,5610,56.2%,1748,17.5%,7358,73.7%
BROOKLYN,4,2008,Hispanic,6305,673,447,7.1%,1019,16.2%,3575,56.7%,1264,20%,4839,76.7%
BROOKLYN,4,2008,White,3121,697,102,3.3%,187,6%,1397,44.8%,1435,46%,2832,90.7%
BROOKLYN,4,2009,Asian,2810,714,38,1.4%,88,3.1%,955,34%,1729,61.5%,2684,95.5%
BROOKLYN,4,2009,Black,9413,680,510,5.4%,1296,13.8%,5202,55.3%,2405,25.5%,7607,80.8%
BROOKLYN,4,2009,Hispanic,6350,681,342,5.4%,810,12.8%,3547,55.9%,1651,26%,5198,81.9%
BROOKLYN,4,2009,White,3053,706,55,1.8%,143,4.7%,1174,38.5%,1681,55.1%,2855,93.5%
BROOKLYN,4,2010,Asian,3139,707,89,2.8%,473,15.1%,1033,32.9%,1544,49.2%,2577,82.1%
BROOKLYN,4,2010,Black,9313,675,873,9.4%,3936,42.3%,3155,33.9%,1349,14.5%,4504,48.4%
BROOKLYN,4,2010,Hispanic,6289,677,490,7.8%,2564,40.8%,2202,35%,1033,16.4%,3235,51.4%
BROOKLYN,4,2010,White,3220,701,103,3.2%,621,19.3%,1136,35.3%,1360,42.2%,2496,77.5%
BROOKLYN,4,2011,Asian,3073,706,69,2.2%,423,13.8%,1037,33.7%,1544,50.2%,2581,84%
BROOKLYN,4,2011,Black,9096,676,773,8.5%,3672,40.4%,3311,36.4%,1340,14.7%,4651,51.1%
BROOKLYN,4,2011,Hispanic,6404,677,544,8.5%,2439,38.1%,2493,38.9%,928,14.5%,3421,53.4%
BROOKLYN,4,2011,Pacific Islander,32,679,4,12.5%,11,34.4%,11,34.4%,6,18.8%,17,53.1%
BROOKLYN,4,2011,White,3389,702,117,3.5%,548,16.2%,1190,35.1%,1534,45.3%,2724,80.4%
BROOKLYN,5,2006,Asian,2530,692,92,3.6%,239,9.4%,1039,41.1%,1160,45.8%,2199,86.9%
BROOKLYN,5,2006,Black,10706,651,1721,16.1%,3324,31%,4710,44%,951,8.9%,5661,52.9%
BROOKLYN,5,2006,Hispanic,6503,656,888,13.7%,1843,28.3%,2985,45.9%,787,12.1%,3772,58%
BROOKLYN,5,2006,White,3223,680,203,6.3%,444,13.8%,1532,47.5%,1044,32.4%,2576,79.9%
BROOKLYN,5,2007,Asian,2709,700,61,2.3%,179,6.6%,1123,41.5%,1346,49.7%,2469,91.1%
BROOKLYN,5,2007,Black,10306,661,945,9.2%,2774,26.9%,5283,51.3%,1304,12.7%,6587,63.9%
BROOKLYN,5,2007,Hispanic,6444,665,567,8.8%,1520,23.6%,3355,52.1%,1002,15.5%,4357,67.6%
BROOKLYN,5,2007,White,3297,688,138,4.2%,319,9.7%,1624,49.3%,1216,36.9%,2840,86.1%
BROOKLYN,5,2008,Asian,2786,703,42,1.5%,143,5.1%,1098,39.4%,1503,53.9%,2601,93.4%
BROOKLYN,5,2008,Black,9658,668,587,6.1%,1947,20.2%,5586,57.8%,1538,15.9%,7124,73.8%
BROOKLYN,5,2008,Hispanic,6209,670,352,5.7%,1155,18.6%,3639,58.6%,1063,17.1%,4702,75.7%
BROOKLYN,5,2008,White,3077,694,70,2.3%,179,5.8%,1504,48.9%,1324,43%,2828,91.9%
BROOKLYN,5,2009,Asian,2685,705,27,1%,96,3.6%,881,32.8%,1681,62.6%,2562,95.4%
BROOKLYN,5,2009,Black,9573,674,322,3.4%,1515,15.8%,5663,59.2%,2073,21.7%,7736,80.8%
BROOKLYN,5,2009,Hispanic,6158,678,195,3.2%,787,12.8%,3573,58%,1603,26%,5176,84.1%
BROOKLYN,5,2009,White,3064,699,51,1.7%,155,5.1%,1232,40.2%,1626,53.1%,2858,93.3%
BROOKLYN,5,2010,Asian,2985,702,84,2.8%,454,15.2%,1118,37.5%,1329,44.5%,2447,82%
BROOKLYN,5,2010,Black,9094,674,879,9.7%,3784,41.6%,3181,35%,1250,13.7%,4431,48.7%
BROOKLYN,5,2010,Hispanic,6189,675,601,9.7%,2396,38.7%,2223,35.9%,969,15.7%,3192,51.6%
BROOKLYN,5,2010,White,2978,697,87,2.9%,556,18.7%,1209,40.6%,1126,37.8%,2335,78.4%
BROOKLYN,5,2011,Asian,3153,704,82,2.6%,384,12.2%,1162,36.9%,1525,48.4%,2687,85.2%
BROOKLYN,5,2011,Black,8772,676,749,8.5%,3425,39%,3532,40.3%,1066,12.2%,4598,52.4%
BROOKLYN,5,2011,Hispanic,6242,678,519,8.3%,2279,36.5%,2572,41.2%,872,14%,3444,55.2%
BROOKLYN,5,2011,Pacific Islander,35,662,7,20%,12,34.3%,7,20%,9,25.7%,16,45.7%
BROOKLYN,5,2011,White,3241,698,111,3.4%,546,16.8%,1303,40.2%,1281,39.5%,2584,79.7%
BROOKLYN,6,2006,Asian,2511,679,141,5.6%,329,13.1%,1228,48.9%,813,32.4%,2041,81.3%
BROOKLYN,6,2006,Black,11056,641,2429,22%,3815,34.5%,4197,38%,615,5.6%,4812,43.5%
BROOKLYN,6,2006,Hispanic,6425,641,1386,21.6%,2256,35.1%,2403,37.4%,380,5.9%,2783,43.3%
BROOKLYN,6,2006,White,3254,670,271,8.3%,611,18.8%,1616,49.7%,756,23.2%,2372,72.9%
BROOKLYN,6,2007,Asian,2560,693,103,4%,209,8.2%,1112,43.4%,1136,44.4%,2248,87.8%
BROOKLYN,6,2007,Black,10362,651,1655,16%,3208,31%,4502,43.4%,997,9.6%,5499,53.1%
BROOKLYN,6,2007,Hispanic,6175,653,948,15.4%,1694,27.4%,2902,47%,631,10.2%,3533,57.2%
BROOKLYN,6,2007,White,3076,680,179,5.8%,455,14.8%,1473,47.9%,969,31.5%,2442,79.4%
BROOKLYN,6,2008,Asian,2780,699,46,1.7%,179,6.4%,1084,39%,1471,52.9%,2555,91.9%
BROOKLYN,6,2008,Black,9782,658,915,9.4%,2576,26.3%,5080,51.9%,1211,12.4%,6291,64.3%
BROOKLYN,6,2008,Hispanic,6075,659,599,9.9%,1455,24%,3228,53.1%,793,13.1%,4021,66.2%
BROOKLYN,6,2008,White,3083,687,104,3.4%,321,10.4%,1456,47.2%,1202,39%,2658,86.2%
BROOKLYN,6,2009,Asian,2837,700,38,1.3%,166,5.9%,1105,38.9%,1528,53.9%,2633,92.8%
BROOKLYN,6,2009,Black,9582,665,622,6.5%,2221,23.2%,5459,57%,1280,13.4%,6739,70.3%
BROOKLYN,6,2009,Hispanic,5950,667,362,6.1%,1273,21.4%,3421,57.5%,894,15%,4315,72.5%
BROOKLYN,6,2009,White,2935,692,63,2.1%,221,7.5%,1400,47.7%,1251,42.6%,2651,90.3%
BROOKLYN,6,2010,Asian,2870,700,91,3.2%,465,16.2%,834,29.1%,1480,51.6%,2314,80.6%
BROOKLYN,6,2010,Black,9479,666,1415,14.9%,4137,43.6%,2694,28.4%,1233,13%,3927,41.4%
BROOKLYN,6,2010,Hispanic,5983,668,857,14.3%,2474,41.4%,1748,29.2%,904,15.1%,2652,44.3%
BROOKLYN,6,2010,White,2935,692,142,4.8%,607,20.7%,953,32.5%,1233,42%,2186,74.5%
BROOKLYN,6,2011,Asian,2979,703,83,2.8%,387,13%,924,31%,1585,53.2%,2509,84.2%
BROOKLYN,6,2011,Black,9127,669,1317,14.4%,3720,40.8%,2895,31.7%,1195,13.1%,4090,44.8%
BROOKLYN,6,2011,Hispanic,6083,669,880,14.5%,2456,40.4%,1916,31.5%,831,13.7%,2747,45.2%
BROOKLYN,6,2011,Pacific Islander,39,674,5,12.8%,16,41%,8,20.5%,10,25.6%,18,46.2%
BROOKLYN,6,2011,White,2942,694,147,5%,565,19.2%,968,32.9%,1262,42.9%,2230,75.8%
BROOKLYN,7,2006,Asian,2454,671,158,6.4%,408,16.6%,1255,51.1%,633,25.8%,1888,76.9%
BROOKLYN,7,2006,Black,11354,632,2666,23.5%,4871,42.9%,3476,30.6%,341,3%,3817,33.6%
BROOKLYN,7,2006,Hispanic,6507,633,1487,22.9%,2705,41.6%,2137,32.8%,178,2.7%,2315,35.6%
BROOKLYN,7,2006,White,3164,663,241,7.6%,744,23.5%,1576,49.8%,603,19.1%,2179,68.9%
BROOKLYN,7,2007,Asian,2615,685,103,3.9%,347,13.3%,1086,41.5%,1079,41.3%,2165,82.8%
BROOKLYN,7,2007,Black,11180,645,1583,14.2%,4545,40.7%,4308,38.5%,744,6.7%,5052,45.2%
BROOKLYN,7,2007,Hispanic,6501,646,856,13.2%,2547,39.2%,2636,40.5%,462,7.1%,3098,47.7%
BROOKLYN,7,2007,White,3189,675,173,5.4%,555,17.4%,1485,46.6%,976,30.6%,2461,77.2%
BROOKLYN,7,2008,Asian,2687,692,65,2.4%,209,7.8%,1102,41%,1311,48.8%,2413,89.8%
BROOKLYN,7,2008,Black,10609,655,762,7.2%,3428,32.3%,5399,50.9%,1020,9.6%,6419,60.5%
BROOKLYN,7,2008,Hispanic,6282,657,457,7.3%,1849,29.4%,3279,52.2%,697,11.1%,3976,63.3%
BROOKLYN,7,2008,White,3024,682,87,2.9%,394,13%,1438,47.6%,1105,36.5%,2543,84.1%
BROOKLYN,7,2009,Asian,2881,700,25,0.9%,159,5.5%,1136,39.4%,1561,54.2%,2697,93.6%
BROOKLYN,7,2009,Black,10013,666,266,2.7%,2121,21.2%,6386,63.8%,1240,12.4%,7626,76.2%
BROOKLYN,7,2009,Hispanic,6040,666,152,2.5%,1299,21.5%,3808,63%,781,12.9%,4589,76%
BROOKLYN,7,2009,White,3066,690,32,1%,225,7.3%,1468,47.9%,1341,43.7%,2809,91.6%
BROOKLYN,7,2010,Asian,3096,695,134,4.3%,466,15.1%,868,28%,1628,52.6%,2496,80.6%
BROOKLYN,7,2010,Black,9629,662,1483,15.4%,4245,44.1%,2817,29.3%,1084,11.3%,3901,40.5%
BROOKLYN,7,2010,Hispanic,5966,664,846,14.2%,2485,41.7%,1814,30.4%,821,13.8%,2635,44.2%
BROOKLYN,7,2010,White,2956,688,152,5.1%,594,20.1%,933,31.6%,1277,43.2%,2210,74.8%
BROOKLYN,7,2011,Asian,2957,698,92,3.1%,396,13.4%,742,25.1%,1727,58.4%,2469,83.5%
BROOKLYN,7,2011,Black,9480,666,1300,13.7%,3966,41.8%,2892,30.5%,1322,13.9%,4214,44.5%
BROOKLYN,7,2011,Hispanic,6005,667,820,13.7%,2390,39.8%,1864,31%,931,15.5%,2795,46.5%
BROOKLYN,7,2011,Pacific Islander,34,669,3,8.8%,14,41.2%,8,23.5%,9,26.5%,17,50%
BROOKLYN,7,2011,White,2972,691,156,5.2%,537,18.1%,872,29.3%,1407,47.3%,2279,76.7%
BROOKLYN,8,2006,Asian,2547,676,172,6.8%,468,18.4%,1156,45.4%,751,29.5%,1907,74.9%
BROOKLYN,8,2006,Black,11666,631,3346,28.7%,4763,40.8%,3248,27.8%,309,2.6%,3557,30.5%
BROOKLYN,8,2006,Hispanic,6433,630,1879,29.2%,2675,41.6%,1715,26.7%,164,2.5%,1879,29.2%
BROOKLYN,8,2006,White,3304,662,338,10.2%,852,25.8%,1566,47.4%,548,16.6%,2114,64%
BROOKLYN,8,2007,Asian,2579,681,134,5.2%,384,14.9%,1252,48.5%,809,31.4%,2061,79.9%
BROOKLYN,8,2007,Black,11292,638,2698,23.9%,4611,40.8%,3567,31.6%,416,3.7%,3983,35.3%
BROOKLYN,8,2007,Hispanic,6502,640,1452,22.3%,2546,39.2%,2254,34.7%,250,3.8%,2504,38.5%
BROOKLYN,8,2007,White,3166,666,258,8.1%,781,24.7%,1501,47.4%,626,19.8%,2127,67.2%
BROOKLYN,8,2008,Asian,2701,692,83,3.1%,254,9.4%,1245,46.1%,1119,41.4%,2364,87.5%
BROOKLYN,8,2008,Black,10582,650,1349,12.7%,3816,36.1%,4718,44.6%,699,6.6%,5417,51.2%
BROOKLYN,8,2008,Hispanic,6232,651,772,12.4%,2192,35.2%,2830,45.4%,438,7%,3268,52.4%
BROOKLYN,8,2008,White,3163,678,153,4.8%,529,16.7%,1626,51.4%,855,27%,2481,78.4%
BROOKLYN,8,2009,Asian,2824,695,36,1.3%,219,7.8%,1369,48.5%,1200,42.5%,2569,91%
BROOKLYN,8,2009,Black,10533,658,607,5.8%,3296,31.3%,5927,56.3%,703,6.7%,6630,62.9%
BROOKLYN,8,2009,Hispanic,6304,660,360,5.7%,1810,28.7%,3596,57%,538,8.5%,4134,65.6%
BROOKLYN,8,2009,White,3047,683,69,2.3%,393,12.9%,1730,56.8%,855,28.1%,2585,84.8%
BROOKLYN,8,2010,Asian,3226,702,114,3.5%,539,16.7%,1101,34.1%,1472,45.6%,2573,79.8%
BROOKLYN,8,2010,Black,10156,663,1702,16.8%,4980,49%,2650,26.1%,824,8.1%,3474,34.2%
BROOKLYN,8,2010,Hispanic,6179,664,1056,17.1%,2909,47.1%,1697,27.5%,517,8.4%,2214,35.8%
BROOKLYN,8,2010,White,3177,688,182,5.7%,841,26.5%,1197,37.7%,957,30.1%,2154,67.8%
BROOKLYN,8,2011,Asian,3200,700,104,3.3%,409,12.8%,1135,35.5%,1552,48.5%,2687,84%
BROOKLYN,8,2011,Black,9721,664,1453,14.9%,4266,43.9%,3257,33.5%,745,7.7%,4002,41.2%
BROOKLYN,8,2011,Hispanic,6060,665,820,13.5%,2744,45.3%,2023,33.4%,473,7.8%,2496,41.2%
BROOKLYN,8,2011,Pacific Islander,27,677,0,0%,12,44.4%,12,44.4%,3,11.1%,15,55.6%
BROOKLYN,8,2011,White,3008,689,153,5.1%,646,21.5%,1228,40.8%,981,32.6%,2209,73.4%
BROOKLYN,All Grades,2006,Asian,15324,686,718,4.7%,1767,11.5%,6938,45.3%,5901,38.5%,12839,83.8%
BROOKLYN,All Grades,2006,Black,65510,646,12596,19.2%,21190,32.3%,26367,40.2%,5357,8.2%,31724,48.4%
BROOKLYN,All Grades,2006,Hispanic,38809,648,7036,18.1%,12052,31.1%,16101,41.5%,3620,9.3%,19721,50.8%
BROOKLYN,All Grades,2006,White,19431,676,1340,6.9%,3180,16.4%,9372,48.2%,5539,28.5%,14911,76.7%
BROOKLYN,All Grades,2007,Asian,15714,695,510,3.2%,1406,8.9%,6677,42.5%,7121,45.3%,13798,87.8%
BROOKLYN,All Grades,2007,Black,63449,656,8509,13.4%,19010,30%,28644,45.1%,7286,11.5%,35930,56.6%
BROOKLYN,All Grades,2007,Hispanic,38540,658,4875,12.6%,10481,27.2%,18236,47.3%,4948,12.8%,23184,60.2%
BROOKLYN,All Grades,2007,White,19100,684,963,5%,2547,13.3%,9036,47.3%,6554,34.3%,15590,81.6%
BROOKLYN,All Grades,2008,Asian,16316,699,310,1.9%,998,6.1%,6910,42.4%,8098,49.6%,15008,92%
BROOKLYN,All Grades,2008,Black,60131,663,4834,8%,14740,24.5%,32804,54.6%,7753,12.9%,40557,67.4%
BROOKLYN,All Grades,2008,Hispanic,37538,665,2864,7.6%,8416,22.4%,20939,55.8%,5319,14.2%,26258,70%
BROOKLYN,All Grades,2008,White,18538,690,566,3.1%,1732,9.3%,9031,48.7%,7209,38.9%,16240,87.6%
BROOKLYN,All Grades,2009,Asian,16963,704,178,1%,811,4.8%,6927,40.8%,9047,53.3%,15974,94.2%
BROOKLYN,All Grades,2009,Black,58358,671,2502,4.3%,11316,19.4%,35214,60.3%,9326,16%,44540,76.3%
BROOKLYN,All Grades,2009,Hispanic,37121,673,1500,4%,6499,17.5%,22446,60.5%,6676,18%,29122,78.5%
BROOKLYN,All Grades,2009,White,18365,696,299,1.6%,1244,6.8%,8821,48%,8001,43.6%,16822,91.6%
BROOKLYN,All Grades,2010,Asian,18368,702,650,3.5%,2974,16.2%,6064,33%,8680,47.3%,14744,80.3%
BROOKLYN,All Grades,2010,Black,56794,670,7870,13.9%,24715,43.5%,17145,30.2%,7064,12.4%,24209,42.6%
BROOKLYN,All Grades,2010,Hispanic,36978,672,4749,12.8%,15306,41.4%,11674,31.6%,5249,14.2%,16923,45.8%
BROOKLYN,All Grades,2010,White,18631,695,850,4.6%,3979,21.4%,6666,35.8%,7136,38.3%,13802,74.1%
BROOKLYN,All Grades,2011,Asian,18423,701,578,3.1%,2579,14%,6565,35.6%,8701,47.2%,15266,82.9%
BROOKLYN,All Grades,2011,Black,55083,672,6937,12.6%,22670,41.2%,19237,34.9%,6239,11.3%,25476,46.3%
BROOKLYN,All Grades,2011,Hispanic,37354,673,4500,12%,14860,39.8%,13514,36.2%,4480,12%,17994,48.2%
BROOKLYN,All Grades,2011,Pacific Islander,206,675,23,11.2%,77,37.4%,64,31.1%,42,20.4%,106,51.5%
BROOKLYN,All Grades,2011,White,19063,695,870,4.6%,3495,18.3%,7394,38.8%,7304,38.3%,14698,77.1%
MANHATTAN,3,2006,Asian,1056,701,12,1.1%,44,4.2%,494,46.8%,506,47.9%,1000,94.7%
MANHATTAN,3,2006,Black,2401,659,326,13.6%,582,24.2%,1216,50.6%,277,11.5%,1493,62.2%
MANHATTAN,3,2006,Hispanic,4843,664,545,11.3%,1025,21.2%,2538,52.4%,735,15.2%,3273,67.6%
MANHATTAN,3,2006,White,1298,699,23,1.8%,54,4.2%,614,47.3%,607,46.8%,1221,94.1%
MANHATTAN,3,2007,Asian,1063,707,7,0.7%,31,2.9%,448,42.1%,577,54.3%,1025,96.4%
MANHATTAN,3,2007,Black,2166,670,191,8.8%,387,17.9%,1239,57.2%,349,16.1%,1588,73.3%
MANHATTAN,3,2007,Hispanic,4768,671,344,7.2%,812,17%,2818,59.1%,794,16.7%,3612,75.8%
MANHATTAN,3,2007,White,1389,706,14,1%,28,2%,630,45.4%,717,51.6%,1347,97%
MANHATTAN,3,2008,Asian,1100,709,2,0.2%,18,1.6%,525,47.7%,555,50.5%,1080,98.2%
MANHATTAN,3,2008,Black,1979,673,78,3.9%,335,16.9%,1314,66.4%,252,12.7%,1566,79.1%
MANHATTAN,3,2008,Hispanic,4449,676,161,3.6%,621,14%,3059,68.8%,608,13.7%,3667,82.4%
MANHATTAN,3,2008,White,1428,706,13,0.9%,33,2.3%,706,49.4%,676,47.3%,1382,96.8%
MANHATTAN,3,2009,Asian,1174,714,1,0.1%,16,1.4%,578,49.2%,579,49.3%,1157,98.6%
MANHATTAN,3,2009,Black,1954,678,38,1.9%,235,12%,1381,70.7%,300,15.4%,1681,86%
MANHATTAN,3,2009,Hispanic,4483,681,78,1.7%,416,9.3%,3250,72.5%,739,16.5%,3989,89%
MANHATTAN,3,2009,White,1503,705,7,0.5%,34,2.3%,827,55%,635,42.2%,1462,97.3%
MANHATTAN,3,2010,Asian,1114,713,28,2.5%,135,12.1%,417,37.4%,534,47.9%,951,85.4%
MANHATTAN,3,2010,Black,1849,681,330,17.8%,748,40.5%,524,28.3%,247,13.4%,771,41.7%
MANHATTAN,3,2010,Hispanic,4259,683,665,15.6%,1671,39.2%,1327,31.2%,596,14%,1923,45.2%
MANHATTAN,3,2010,White,1600,711,52,3.3%,238,14.9%,603,37.7%,707,44.2%,1310,81.9%
MANHATTAN,3,2011,Asian,1100,701,29,2.6%,133,12.1%,526,47.8%,412,37.5%,938,85.3%
MANHATTAN,3,2011,Black,1684,680,273,16.2%,705,41.9%,573,34%,133,7.9%,706,41.9%
MANHATTAN,3,2011,Hispanic,4320,680,626,14.5%,1787,41.4%,1666,38.6%,241,5.6%,1907,44.1%
MANHATTAN,3,2011,Pacific Islander,26,697,0,0%,4,15.4%,13,50%,9,34.6%,22,84.6%
MANHATTAN,3,2011,White,1737,701,45,2.6%,181,10.4%,870,50.1%,641,36.9%,1511,87%
MANHATTAN,4,2006,Asian,1098,708,14,1.3%,45,4.1%,398,36.2%,641,58.4%,1039,94.6%
MANHATTAN,4,2006,Black,2305,657,291,12.6%,613,26.6%,1177,51.1%,224,9.7%,1401,60.8%
MANHATTAN,4,2006,Hispanic,5001,658,673,13.5%,1241,24.8%,2517,50.3%,570,11.4%,3087,61.7%
MANHATTAN,4,2006,White,1205,702,21,1.7%,56,4.6%,510,42.3%,618,51.3%,1128,93.6%
MANHATTAN,4,2007,Asian,1038,711,10,1%,27,2.6%,384,37%,617,59.4%,1001,96.4%
MANHATTAN,4,2007,Black,2295,659,271,11.8%,616,26.8%,1143,49.8%,265,11.5%,1408,61.4%
MANHATTAN,4,2007,Hispanic,4701,663,476,10.1%,1155,24.6%,2435,51.8%,635,13.5%,3070,65.3%
MANHATTAN,4,2007,White,1263,706,30,2.4%,56,4.4%,460,36.4%,717,56.8%,1177,93.2%
MANHATTAN,4,2008,Asian,1076,714,7,0.7%,20,1.9%,355,33%,694,64.5%,1049,97.5%
MANHATTAN,4,2008,Black,2098,664,200,9.5%,432,20.6%,1198,57.1%,268,12.8%,1466,69.9%
MANHATTAN,4,2008,Hispanic,4596,668,341,7.4%,863,18.8%,2741,59.6%,651,14.2%,3392,73.8%
MANHATTAN,4,2008,White,1342,711,21,1.6%,39,2.9%,462,34.4%,820,61.1%,1282,95.5%
MANHATTAN,4,2009,Asian,1091,723,3,0.3%,12,1.1%,272,24.9%,804,73.7%,1076,98.6%
MANHATTAN,4,2009,Black,1973,673,151,7.7%,335,17%,1090,55.2%,397,20.1%,1487,75.4%
MANHATTAN,4,2009,Hispanic,4403,678,282,6.4%,627,14.2%,2411,54.8%,1083,24.6%,3494,79.4%
MANHATTAN,4,2009,White,1396,719,31,2.2%,36,2.6%,361,25.9%,968,69.3%,1329,95.2%
MANHATTAN,4,2010,Asian,1197,719,16,1.3%,87,7.3%,344,28.7%,750,62.7%,1094,91.4%
MANHATTAN,4,2010,Black,1958,671,223,11.4%,902,46.1%,591,30.2%,242,12.4%,833,42.5%
MANHATTAN,4,2010,Hispanic,4489,676,394,8.8%,1872,41.7%,1566,34.9%,657,14.6%,2223,49.5%
MANHATTAN,4,2010,White,1501,714,24,1.6%,162,10.8%,435,29%,880,58.6%,1315,87.6%
MANHATTAN,4,2011,Asian,1081,717,8,0.7%,84,7.8%,282,26.1%,707,65.4%,989,91.5%
MANHATTAN,4,2011,Black,1851,675,175,9.5%,766,41.4%,671,36.3%,239,12.9%,910,49.2%
MANHATTAN,4,2011,Hispanic,4369,678,366,8.4%,1594,36.5%,1729,39.6%,680,15.6%,2409,55.1%
MANHATTAN,4,2011,Pacific Islander,31,711,1,3.2%,6,19.4%,4,12.9%,20,64.5%,24,77.4%
MANHATTAN,4,2011,White,1582,715,24,1.5%,110,7%,441,27.9%,1007,63.7%,1448,91.5%
MANHATTAN,5,2006,Asian,988,698,29,2.9%,47,4.8%,429,43.4%,483,48.9%,912,92.3%
MANHATTAN,5,2006,Black,2374,645,465,19.6%,830,35%,934,39.3%,145,6.1%,1079,45.5%
MANHATTAN,5,2006,Hispanic,5226,650,900,17.2%,1621,31%,2259,43.2%,446,8.5%,2705,51.8%
MANHATTAN,5,2006,White,1152,694,36,3.1%,80,6.9%,498,43.2%,538,46.7%,1036,89.9%
MANHATTAN,5,2007,Asian,1076,706,12,1.1%,37,3.4%,430,40%,597,55.5%,1027,95.4%
MANHATTAN,5,2007,Black,2221,656,220,9.9%,687,30.9%,1134,51.1%,180,8.1%,1314,59.2%
MANHATTAN,5,2007,Hispanic,4836,659,461,9.5%,1351,27.9%,2480,51.3%,544,11.2%,3024,62.5%
MANHATTAN,5,2007,White,1160,698,21,1.8%,69,5.9%,540,46.6%,530,45.7%,1070,92.2%
MANHATTAN,5,2008,Asian,1023,712,4,0.4%,21,2.1%,328,32.1%,670,65.5%,998,97.6%
MANHATTAN,5,2008,Black,2146,662,165,7.7%,548,25.5%,1198,55.8%,235,11%,1433,66.8%
MANHATTAN,5,2008,Hispanic,4475,666,320,7.2%,950,21.2%,2551,57%,654,14.6%,3205,71.6%
MANHATTAN,5,2008,White,1240,703,20,1.6%,49,4%,470,37.9%,701,56.5%,1171,94.4%
MANHATTAN,5,2009,Asian,1059,714,5,0.5%,15,1.4%,253,23.9%,786,74.2%,1039,98.1%
MANHATTAN,5,2009,Black,1878,672,74,3.9%,332,17.7%,1095,58.3%,377,20.1%,1472,78.4%
MANHATTAN,5,2009,Hispanic,4413,677,145,3.3%,598,13.6%,2596,58.8%,1074,24.3%,3670,83.2%
MANHATTAN,5,2009,White,1318,709,11,0.8%,40,3%,431,32.7%,836,63.4%,1267,96.1%
MANHATTAN,5,2010,Asian,1109,711,14,1.3%,90,8.1%,384,34.6%,621,56%,1005,90.6%
MANHATTAN,5,2010,Black,1791,669,230,12.8%,793,44.3%,561,31.3%,207,11.6%,768,42.9%
MANHATTAN,5,2010,Hispanic,4180,675,413,9.9%,1613,38.6%,1506,36%,648,15.5%,2154,51.5%
MANHATTAN,5,2010,White,1380,708,33,2.4%,122,8.8%,457,33.1%,768,55.7%,1225,88.8%
MANHATTAN,5,2011,Asian,1184,714,17,1.4%,75,6.3%,335,28.3%,757,63.9%,1092,92.2%
MANHATTAN,5,2011,Black,1744,673,162,9.3%,752,43.1%,637,36.5%,193,11.1%,830,47.6%
MANHATTAN,5,2011,Hispanic,4189,676,383,9.1%,1602,38.2%,1668,39.8%,536,12.8%,2204,52.6%
MANHATTAN,5,2011,Pacific Islander,19,704,1,5.3%,3,15.8%,5,26.3%,10,52.6%,15,78.9%
MANHATTAN,5,2011,White,1476,709,28,1.9%,134,9.1%,489,33.1%,825,55.9%,1314,89%
MANHATTAN,6,2006,Asian,1019,690,30,2.9%,82,8%,486,47.7%,421,41.3%,907,89%
MANHATTAN,6,2006,Black,2583,640,532,20.6%,947,36.7%,993,38.4%,111,4.3%,1104,42.7%
MANHATTAN,6,2006,Hispanic,5293,643,1018,19.2%,1846,34.9%,2139,40.4%,290,5.5%,2429,45.9%
MANHATTAN,6,2006,White,1134,686,36,3.2%,133,11.7%,534,47.1%,431,38%,965,85.1%
MANHATTAN,6,2007,Asian,985,697,16,1.6%,68,6.9%,446,45.3%,455,46.2%,901,91.5%
MANHATTAN,6,2007,Black,2199,651,343,15.6%,679,30.9%,967,44%,210,9.5%,1177,53.5%
MANHATTAN,6,2007,Hispanic,4872,651,743,15.3%,1500,30.8%,2201,45.2%,428,8.8%,2629,54%
MANHATTAN,6,2007,White,1109,696,34,3.1%,88,7.9%,478,43.1%,509,45.9%,987,89%
MANHATTAN,6,2008,Asian,1051,703,12,1.1%,42,4%,401,38.2%,596,56.7%,997,94.9%
MANHATTAN,6,2008,Black,2155,656,229,10.6%,620,28.8%,1068,49.6%,238,11%,1306,60.6%
MANHATTAN,6,2008,Hispanic,4719,658,446,9.5%,1204,25.5%,2511,53.2%,558,11.8%,3069,65%
MANHATTAN,6,2008,White,1138,697,24,2.1%,61,5.4%,464,40.8%,589,51.8%,1053,92.5%
MANHATTAN,6,2009,Asian,1015,708,5,0.5%,30,3%,354,34.9%,626,61.7%,980,96.6%
MANHATTAN,6,2009,Black,2119,664,132,6.2%,550,26%,1150,54.3%,287,13.5%,1437,67.8%
MANHATTAN,6,2009,Hispanic,4406,667,252,5.7%,988,22.4%,2468,56%,698,15.8%,3166,71.9%
MANHATTAN,6,2009,White,1212,705,22,1.8%,53,4.4%,414,34.2%,723,59.7%,1137,93.8%
MANHATTAN,6,2010,Asian,1087,707,25,2.3%,125,11.5%,300,27.6%,637,58.6%,937,86.2%
MANHATTAN,6,2010,Black,1867,663,317,17%,838,44.9%,518,27.7%,194,10.4%,712,38.1%
MANHATTAN,6,2010,Hispanic,4340,667,595,13.7%,1898,43.7%,1250,28.8%,597,13.8%,1847,42.6%
MANHATTAN,6,2010,White,1311,703,38,2.9%,152,11.6%,406,31%,715,54.5%,1121,85.5%
MANHATTAN,6,2011,Asian,1009,711,13,1.3%,79,7.8%,252,25%,665,65.9%,917,90.9%
MANHATTAN,6,2011,Black,1757,667,285,16.2%,726,41.3%,547,31.1%,199,11.3%,746,42.5%
MANHATTAN,6,2011,Hispanic,4212,671,532,12.6%,1647,39.1%,1421,33.7%,612,14.5%,2033,48.3%
MANHATTAN,6,2011,Pacific Islander,19,681,0,0%,7,36.8%,8,42.1%,4,21.1%,12,63.2%
MANHATTAN,6,2011,White,1338,709,36,2.7%,106,7.9%,310,23.2%,886,66.2%,1196,89.4%
MANHATTAN,7,2006,Asian,959,677,34,3.5%,121,12.6%,511,53.3%,293,30.6%,804,83.8%
MANHATTAN,7,2006,Black,2711,631,629,23.2%,1262,46.6%,754,27.8%,66,2.4%,820,30.2%
MANHATTAN,7,2006,Hispanic,5558,634,1148,20.7%,2428,43.7%,1819,32.7%,163,2.9%,1982,35.7%
MANHATTAN,7,2006,White,1066,680,31,2.9%,142,13.3%,539,50.6%,354,33.2%,893,83.8%
MANHATTAN,7,2007,Asian,998,690,19,1.9%,96,9.6%,417,41.8%,466,46.7%,883,88.5%
MANHATTAN,7,2007,Black,2563,644,326,12.7%,1128,44%,982,38.3%,127,5%,1109,43.3%
MANHATTAN,7,2007,Hispanic,5339,647,587,11%,2168,40.6%,2213,41.4%,371,6.9%,2584,48.4%
MANHATTAN,7,2007,White,1091,690,28,2.6%,93,8.5%,457,41.9%,513,47%,970,88.9%
MANHATTAN,7,2008,Asian,965,695,10,1%,48,5%,421,43.6%,486,50.4%,907,94%
MANHATTAN,7,2008,Black,2239,656,161,7.2%,692,30.9%,1176,52.5%,210,9.4%,1386,61.9%
MANHATTAN,7,2008,Hispanic,4956,658,304,6.1%,1431,28.9%,2643,53.3%,578,11.7%,3221,65%
MANHATTAN,7,2008,White,1111,698,15,1.4%,73,6.6%,410,36.9%,613,55.2%,1023,92.1%
MANHATTAN,7,2009,Asian,1080,706,2,0.2%,24,2.2%,370,34.3%,684,63.3%,1054,97.6%
MANHATTAN,7,2009,Black,2118,665,49,2.3%,517,24.4%,1302,61.5%,250,11.8%,1552,73.3%
MANHATTAN,7,2009,Hispanic,4703,668,103,2.2%,898,19.1%,3050,64.9%,652,13.9%,3702,78.7%
MANHATTAN,7,2009,White,1125,703,7,0.6%,43,3.8%,419,37.2%,656,58.3%,1075,95.6%
MANHATTAN,7,2010,Asian,1089,700,24,2.2%,106,9.7%,301,27.6%,658,60.4%,959,88.1%
MANHATTAN,7,2010,Black,2086,662,309,14.8%,925,44.3%,593,28.4%,259,12.4%,852,40.8%
MANHATTAN,7,2010,Hispanic,4490,665,619,13.8%,1863,41.5%,1365,30.4%,643,14.3%,2008,44.7%
MANHATTAN,7,2010,White,1180,701,28,2.4%,139,11.8%,299,25.3%,714,60.5%,1013,85.8%
MANHATTAN,7,2011,Asian,1019,706,22,2.2%,94,9.2%,211,20.7%,692,67.9%,903,88.6%
MANHATTAN,7,2011,Black,1863,664,289,15.5%,793,42.6%,549,29.5%,232,12.5%,781,41.9%
MANHATTAN,7,2011,Hispanic,4365,668,529,12.1%,1690,38.7%,1417,32.5%,729,16.7%,2146,49.2%
MANHATTAN,7,2011,Pacific Islander,17,684,1,5.9%,3,17.6%,8,47.1%,5,29.4%,13,76.5%
MANHATTAN,7,2011,White,1300,705,29,2.2%,112,8.6%,285,21.9%,874,67.2%,1159,89.2%
MANHATTAN,8,2006,Asian,978,686,39,4%,114,11.7%,483,49.4%,342,35%,825,84.4%
MANHATTAN,8,2006,Black,2787,631,802,28.8%,1193,42.8%,729,26.2%,63,2.3%,792,28.4%
MANHATTAN,8,2006,Hispanic,5546,633,1422,25.6%,2348,42.3%,1618,29.2%,158,2.8%,1776,32%
MANHATTAN,8,2006,White,1131,677,57,5%,171,15.1%,609,53.8%,294,26%,903,79.8%
MANHATTAN,8,2007,Asian,963,686,27,2.8%,115,11.9%,499,51.8%,322,33.4%,821,85.3%
MANHATTAN,8,2007,Black,2674,635,656,24.5%,1151,43%,788,29.5%,79,3%,867,32.4%
MANHATTAN,8,2007,Hispanic,5445,639,1182,21.7%,2249,41.3%,1816,33.4%,198,3.6%,2014,37%
MANHATTAN,8,2007,White,1061,677,56,5.3%,146,13.8%,595,56.1%,264,24.9%,859,81%
MANHATTAN,8,2008,Asian,1007,695,17,1.7%,75,7.4%,474,47.1%,441,43.8%,915,90.9%
MANHATTAN,8,2008,Black,2493,645,337,13.5%,1049,42.1%,1024,41.1%,83,3.3%,1107,44.4%
MANHATTAN,8,2008,Hispanic,5239,650,611,11.7%,1878,35.8%,2447,46.7%,303,5.8%,2750,52.5%
MANHATTAN,8,2008,White,1089,686,32,2.9%,109,10%,572,52.5%,376,34.5%,948,87.1%
MANHATTAN,8,2009,Asian,1008,700,5,0.5%,45,4.5%,491,48.7%,467,46.3%,958,95%
MANHATTAN,8,2009,Black,2230,658,146,6.5%,700,31.4%,1241,55.7%,143,6.4%,1384,62.1%
MANHATTAN,8,2009,Hispanic,4996,661,258,5.2%,1411,28.2%,2937,58.8%,390,7.8%,3327,66.6%
MANHATTAN,8,2009,White,1121,693,17,1.5%,81,7.2%,585,52.2%,438,39.1%,1023,91.3%
MANHATTAN,8,2010,Asian,1156,705,15,1.3%,133,11.5%,435,37.6%,573,49.6%,1008,87.2%
MANHATTAN,8,2010,Black,2118,661,414,19.5%,1010,47.7%,518,24.5%,176,8.3%,694,32.8%
MANHATTAN,8,2010,Hispanic,4866,667,683,14%,2299,47.2%,1400,28.8%,484,9.9%,1884,38.7%
MANHATTAN,8,2010,White,1140,695,40,3.5%,179,15.7%,506,44.4%,415,36.4%,921,80.8%
MANHATTAN,8,2011,Asian,1067,705,18,1.7%,100,9.4%,355,33.3%,594,55.7%,949,88.9%
MANHATTAN,8,2011,Black,2090,663,343,16.4%,899,43%,665,31.8%,183,8.8%,848,40.6%
MANHATTAN,8,2011,Hispanic,4594,668,580,12.6%,1885,41%,1700,37%,429,9.3%,2129,46.3%
MANHATTAN,8,2011,Pacific Islander,13,697,0,0%,2,15.4%,5,38.5%,6,46.2%,11,84.6%
MANHATTAN,8,2011,White,1209,699,20,1.7%,151,12.5%,488,40.4%,550,45.5%,1038,85.9%
MANHATTAN,All Grades,2006,Asian,6098,694,158,2.6%,453,7.4%,2801,45.9%,2686,44%,5487,90%
MANHATTAN,All Grades,2006,Black,15161,643,3045,20.1%,5427,35.8%,5803,38.3%,886,5.8%,6689,44.1%
MANHATTAN,All Grades,2006,Hispanic,31467,646,5706,18.1%,10509,33.4%,12890,41%,2362,7.5%,15252,48.5%
MANHATTAN,All Grades,2006,White,6986,690,204,2.9%,636,9.1%,3304,47.3%,2842,40.7%,6146,88%
MANHATTAN,All Grades,2007,Asian,6123,700,91,1.5%,374,6.1%,2624,42.9%,3034,49.6%,5658,92.4%
MANHATTAN,All Grades,2007,Black,14118,652,2007,14.2%,4648,32.9%,6253,44.3%,1210,8.6%,7463,52.9%
MANHATTAN,All Grades,2007,Hispanic,29961,655,3793,12.7%,9235,30.8%,13963,46.6%,2970,9.9%,16933,56.5%
MANHATTAN,All Grades,2007,White,7073,696,183,2.6%,480,6.8%,3160,44.7%,3250,45.9%,6410,90.6%
MANHATTAN,All Grades,2008,Asian,6222,705,52,0.8%,224,3.6%,2504,40.2%,3442,55.3%,5946,95.6%
MANHATTAN,All Grades,2008,Black,13110,659,1170,8.9%,3676,28%,6978,53.2%,1286,9.8%,8264,63%
MANHATTAN,All Grades,2008,Hispanic,28434,662,2183,7.7%,6947,24.4%,15952,56.1%,3352,11.8%,19304,67.9%
MANHATTAN,All Grades,2008,White,7348,701,125,1.7%,364,5%,3084,42%,3775,51.4%,6859,93.3%
MANHATTAN,All Grades,2009,Asian,6427,711,21,0.3%,142,2.2%,2318,36.1%,3946,61.4%,6264,97.5%
MANHATTAN,All Grades,2009,Black,12272,668,590,4.8%,2669,21.7%,7259,59.2%,1754,14.3%,9013,73.4%
MANHATTAN,All Grades,2009,Hispanic,27404,672,1118,4.1%,4938,18%,16712,61%,4636,16.9%,21348,77.9%
MANHATTAN,All Grades,2009,White,7675,706,95,1.2%,287,3.7%,3037,39.6%,4256,55.5%,7293,95%
MANHATTAN,All Grades,2010,Asian,6752,709,122,1.8%,676,10%,2181,32.3%,3773,55.9%,5954,88.2%
MANHATTAN,All Grades,2010,Black,11669,668,1823,15.6%,5216,44.7%,3305,28.3%,1325,11.4%,4630,39.7%
MANHATTAN,All Grades,2010,Hispanic,26624,672,3369,12.7%,11216,42.1%,8414,31.6%,3625,13.6%,12039,45.2%
MANHATTAN,All Grades,2010,White,8112,706,215,2.7%,992,12.2%,2706,33.4%,4199,51.8%,6905,85.1%
MANHATTAN,All Grades,2011,Asian,6460,709,107,1.7%,565,8.7%,1961,30.4%,3827,59.2%,5788,89.6%
MANHATTAN,All Grades,2011,Black,10989,670,1527,13.9%,4641,42.2%,3642,33.1%,1179,10.7%,4821,43.9%
MANHATTAN,All Grades,2011,Hispanic,26049,673,3016,11.6%,10205,39.2%,9601,36.9%,3227,12.4%,12828,49.2%
MANHATTAN,All Grades,2011,Pacific Islander,125,697,3,2.4%,25,20%,43,34.4%,54,43.2%,97,77.6%
MANHATTAN,All Grades,2011,White,8642,707,182,2.1%,794,9.2%,2883,33.4%,4783,55.3%,7666,88.7%
QUEENS,3,2006,Asian,5135,702,102,2%,244,4.8%,2141,41.7%,2648,51.6%,4789,93.3%
QUEENS,3,2006,Black,4315,667,416,9.6%,811,18.8%,2377,55.1%,711,16.5%,3088,71.6%
QUEENS,3,2006,Hispanic,6923,677,466,6.7%,907,13.1%,3867,55.9%,1683,24.3%,5550,80.2%
QUEENS,3,2006,White,2708,696,67,2.5%,178,6.6%,1283,47.4%,1180,43.6%,2463,91%
QUEENS,3,2007,Asian,5234,707,82,1.6%,208,4%,2041,39%,2903,55.5%,4944,94.5%
QUEENS,3,2007,Black,4328,677,233,5.4%,650,15%,2454,56.7%,991,22.9%,3445,79.6%
QUEENS,3,2007,Hispanic,6906,684,294,4.3%,731,10.6%,3883,56.2%,1998,28.9%,5881,85.2%
QUEENS,3,2007,White,2755,700,68,2.5%,134,4.9%,1276,46.3%,1277,46.4%,2553,92.7%
QUEENS,3,2008,Asian,5263,708,32,0.6%,131,2.5%,2529,48.1%,2571,48.9%,5100,96.9%
QUEENS,3,2008,Black,4106,676,162,3.9%,520,12.7%,2844,69.3%,580,14.1%,3424,83.4%
QUEENS,3,2008,Hispanic,6820,685,140,2.1%,556,8.2%,4707,69%,1417,20.8%,6124,89.8%
QUEENS,3,2008,White,2861,699,42,1.5%,98,3.4%,1651,57.7%,1070,37.4%,2721,95.1%
QUEENS,3,2009,Asian,5887,711,20,0.3%,94,1.6%,2956,50.2%,2817,47.9%,5773,98.1%
QUEENS,3,2009,Black,4113,680,69,1.7%,405,9.8%,2976,72.4%,663,16.1%,3639,88.5%
QUEENS,3,2009,Hispanic,6561,687,65,1%,459,7%,4653,70.9%,1384,21.1%,6037,92%
QUEENS,3,2009,White,3332,702,19,0.6%,100,3%,2005,60.2%,1208,36.3%,3213,96.4%
QUEENS,3,2010,Asian,5505,710,198,3.6%,916,16.6%,2028,36.8%,2363,42.9%,4391,79.8%
QUEENS,3,2010,Black,4102,682,641,15.6%,1769,43.1%,1160,28.3%,532,13%,1692,41.2%
QUEENS,3,2010,Hispanic,7259,690,675,9.3%,2649,36.5%,2481,34.2%,1454,20%,3935,54.2%
QUEENS,3,2010,White,3043,701,159,5.2%,749,24.6%,1124,36.9%,1011,33.2%,2135,70.2%
QUEENS,3,2011,Asian,5865,697,180,3.1%,955,16.3%,3042,51.9%,1688,28.8%,4730,80.6%
QUEENS,3,2011,Black,4000,680,533,13.3%,1743,43.6%,1497,37.4%,227,5.7%,1724,43.1%
QUEENS,3,2011,Hispanic,7664,683,699,9.1%,2941,38.4%,3448,45%,576,7.5%,4024,52.5%
QUEENS,3,2011,Pacific Islander,52,686,5,9.6%,21,40.4%,18,34.6%,8,15.4%,26,50%
QUEENS,3,2011,White,3021,693,147,4.9%,659,21.8%,1600,53%,615,20.4%,2215,73.3%
QUEENS,4,2006,Asian,5231,700,140,2.7%,294,5.6%,2226,42.6%,2571,49.1%,4797,91.7%
QUEENS,4,2006,Black,4311,663,425,9.9%,990,23%,2279,52.9%,617,14.3%,2896,67.2%
QUEENS,4,2006,Hispanic,6803,670,557,8.2%,1210,17.8%,3768,55.4%,1268,18.6%,5036,74%
QUEENS,4,2006,White,2801,691,101,3.6%,235,8.4%,1354,48.3%,1111,39.7%,2465,88%
QUEENS,4,2007,Asian,5252,705,101,1.9%,282,5.4%,2105,40.1%,2764,52.6%,4869,92.7%
QUEENS,4,2007,Black,4254,665,413,9.7%,941,22.1%,2279,53.6%,621,14.6%,2900,68.2%
QUEENS,4,2007,Hispanic,6849,676,428,6.2%,1064,15.5%,3771,55.1%,1586,23.2%,5357,78.2%
QUEENS,4,2007,White,2641,695,80,3%,191,7.2%,1283,48.6%,1087,41.2%,2370,89.7%
QUEENS,4,2008,Asian,5265,707,78,1.5%,205,3.9%,2083,39.6%,2899,55.1%,4982,94.6%
QUEENS,4,2008,Black,4297,670,326,7.6%,758,17.6%,2464,57.3%,749,17.4%,3213,74.8%
QUEENS,4,2008,Hispanic,6926,678,353,5.1%,892,12.9%,4057,58.6%,1624,23.4%,5681,82%
QUEENS,4,2008,White,2698,695,92,3.4%,180,6.7%,1272,47.1%,1154,42.8%,2426,89.9%
QUEENS,4,2009,Asian,5307,716,42,0.8%,129,2.4%,1777,33.5%,3359,63.3%,5136,96.8%
QUEENS,4,2009,Black,4100,677,247,6%,585,14.3%,2379,58%,889,21.7%,3268,79.7%
QUEENS,4,2009,Hispanic,6849,687,254,3.7%,616,9%,3776,55.1%,2203,32.2%,5979,87.3%
QUEENS,4,2009,White,2824,704,45,1.6%,119,4.2%,1233,43.7%,1427,50.5%,2660,94.2%
QUEENS,4,2010,Asian,6071,709,114,1.9%,877,14.4%,2058,33.9%,3022,49.8%,5080,83.7%
QUEENS,4,2010,Black,4167,673,401,9.6%,1909,45.8%,1314,31.5%,543,13%,1857,44.6%
QUEENS,4,2010,Hispanic,6814,681,432,6.3%,2484,36.5%,2554,37.5%,1344,19.7%,3898,57.2%
QUEENS,4,2010,White,3189,698,96,3%,655,20.5%,1240,38.9%,1198,37.6%,2438,76.5%
QUEENS,4,2011,Asian,5623,709,100,1.8%,628,11.2%,1949,34.7%,2946,52.4%,4895,87.1%
QUEENS,4,2011,Black,4140,676,335,8.1%,1694,40.9%,1580,38.2%,531,12.8%,2111,51%
QUEENS,4,2011,Hispanic,7356,686,346,4.7%,2251,30.6%,3048,41.4%,1711,23.3%,4759,64.7%
QUEENS,4,2011,Pacific Islander,47,684,2,4.3%,14,29.8%,21,44.7%,10,21.3%,31,66%
QUEENS,4,2011,White,2932,700,86,2.9%,502,17.1%,1146,39.1%,1198,40.9%,2344,79.9%
QUEENS,5,2006,Asian,5332,692,154,2.9%,480,9%,2446,45.9%,2252,42.2%,4698,88.1%
QUEENS,5,2006,Black,4636,654,652,14.1%,1345,29%,2155,46.5%,484,10.4%,2639,56.9%
QUEENS,5,2006,Hispanic,7040,662,673,9.6%,1738,24.7%,3587,51%,1042,14.8%,4629,65.8%
QUEENS,5,2006,White,2838,684,126,4.4%,350,12.3%,1396,49.2%,966,34%,2362,83.2%
QUEENS,5,2007,Asian,5354,701,91,1.7%,312,5.8%,2253,42.1%,2698,50.4%,4951,92.5%
QUEENS,5,2007,Black,4470,664,352,7.9%,1125,25.2%,2378,53.2%,615,13.8%,2993,67%
QUEENS,5,2007,Hispanic,6812,672,403,5.9%,1223,18%,3835,56.3%,1351,19.8%,5186,76.1%
QUEENS,5,2007,White,2756,690,82,3%,220,8%,1397,50.7%,1057,38.4%,2454,89%
QUEENS,5,2008,Asian,5346,705,62,1.2%,212,4%,2158,40.4%,2914,54.5%,5072,94.9%
QUEENS,5,2008,Black,4264,667,240,5.6%,879,20.6%,2494,58.5%,651,15.3%,3145,73.8%
QUEENS,5,2008,Hispanic,6880,678,227,3.3%,867,12.6%,4121,59.9%,1665,24.2%,5786,84.1%
QUEENS,5,2008,White,2590,695,48,1.9%,163,6.3%,1275,49.2%,1104,42.6%,2379,91.9%
QUEENS,5,2009,Asian,5375,707,43,0.8%,149,2.8%,1757,32.7%,3426,63.7%,5183,96.4%
QUEENS,5,2009,Black,4315,674,158,3.7%,702,16.3%,2504,58%,951,22%,3455,80.1%
QUEENS,5,2009,Hispanic,6953,684,124,1.8%,740,10.6%,3823,55%,2266,32.6%,6089,87.6%
QUEENS,5,2009,White,2682,697,30,1.1%,139,5.2%,1167,43.5%,1346,50.2%,2513,93.7%
QUEENS,5,2010,Asian,5567,705,105,1.9%,699,12.6%,2012,36.1%,2751,49.4%,4763,85.6%
QUEENS,5,2010,Black,4155,671,457,11%,1845,44.4%,1398,33.6%,455,11%,1853,44.6%
QUEENS,5,2010,Hispanic,6940,683,372,5.4%,2229,32.1%,2894,41.7%,1445,20.8%,4339,62.5%
QUEENS,5,2010,White,2824,697,72,2.5%,491,17.4%,1204,42.6%,1057,37.4%,2261,80.1%
QUEENS,5,2011,Asian,6116,706,109,1.8%,711,11.6%,2225,36.4%,3071,50.2%,5296,86.6%
QUEENS,5,2011,Black,4174,675,364,8.7%,1674,40.1%,1673,40.1%,463,11.1%,2136,51.2%
QUEENS,5,2011,Hispanic,6978,683,436,6.2%,2132,30.6%,3106,44.5%,1304,18.7%,4410,63.2%
QUEENS,5,2011,Pacific Islander,43,687,3,7%,9,20.9%,21,48.8%,10,23.3%,31,72.1%
QUEENS,5,2011,White,3056,697,89,2.9%,491,16.1%,1341,43.9%,1135,37.1%,2476,81%
QUEENS,6,2006,Asian,5155,685,193,3.7%,607,11.8%,2472,48%,1883,36.5%,4355,84.5%
QUEENS,6,2006,Black,4643,647,757,16.3%,1575,33.9%,1973,42.5%,338,7.3%,2311,49.8%
QUEENS,6,2006,Hispanic,6820,652,963,14.1%,2010,29.5%,3227,47.3%,620,9.1%,3847,56.4%
QUEENS,6,2006,White,2752,673,162,5.9%,466,16.9%,1439,52.3%,685,24.9%,2124,77.2%
QUEENS,6,2007,Asian,5347,697,151,2.8%,375,7%,2338,43.7%,2483,46.4%,4821,90.2%
QUEENS,6,2007,Black,4575,658,538,11.8%,1190,26%,2286,50%,561,12.3%,2847,62.2%
QUEENS,6,2007,Hispanic,6795,665,566,8.3%,1481,21.8%,3629,53.4%,1119,16.5%,4748,69.9%
QUEENS,6,2007,White,2738,684,116,4.2%,296,10.8%,1435,52.4%,891,32.5%,2326,85%
QUEENS,6,2008,Asian,5366,701,82,1.5%,286,5.3%,2052,38.2%,2946,54.9%,4998,93.1%
QUEENS,6,2008,Black,4395,662,367,8.4%,988,22.5%,2355,53.6%,685,15.6%,3040,69.2%
QUEENS,6,2008,Hispanic,6706,670,367,5.5%,1217,18.1%,3791,56.5%,1331,19.8%,5122,76.4%
QUEENS,6,2008,White,2646,688,83,3.1%,231,8.7%,1296,49%,1036,39.2%,2332,88.1%
QUEENS,6,2009,Asian,5448,702,72,1.3%,236,4.3%,2091,38.4%,3049,56%,5140,94.3%
QUEENS,6,2009,Black,4320,667,223,5.2%,938,21.7%,2505,58%,654,15.1%,3159,73.1%
QUEENS,6,2009,Hispanic,6961,676,276,4%,1002,14.4%,4047,58.1%,1636,23.5%,5683,81.6%
QUEENS,6,2009,White,2543,693,50,2%,178,7%,1202,47.3%,1113,43.8%,2315,91%
QUEENS,6,2010,Asian,5594,701,160,2.9%,802,14.3%,1698,30.4%,2934,52.4%,4632,82.8%
QUEENS,6,2010,Black,4383,667,636,14.5%,1935,44.1%,1216,27.7%,596,13.6%,1812,41.3%
QUEENS,6,2010,Hispanic,7112,675,664,9.3%,2631,37%,2341,32.9%,1476,20.8%,3817,53.7%
QUEENS,6,2010,White,2659,690,138,5.2%,542,20.4%,949,35.7%,1030,38.7%,1979,74.4%
QUEENS,6,2011,Asian,5527,704,144,2.6%,682,12.3%,1707,30.9%,2994,54.2%,4701,85.1%
QUEENS,6,2011,Black,4241,669,547,12.9%,1820,42.9%,1399,33%,475,11.2%,1874,44.2%
QUEENS,6,2011,Hispanic,7128,677,641,9%,2405,33.7%,2699,37.9%,1383,19.4%,4082,57.3%
QUEENS,6,2011,Pacific Islander,88,688,9,10.2%,20,22.7%,29,33%,30,34.1%,59,67%
QUEENS,6,2011,White,2750,694,97,3.5%,526,19.1%,1016,36.9%,1111,40.4%,2127,77.3%
QUEENS,7,2006,Asian,5139,672,259,5%,952,18.5%,2508,48.8%,1420,27.6%,3928,76.4%
QUEENS,7,2006,Black,4810,636,955,19.9%,2025,42.1%,1640,34.1%,190,4%,1830,38%
QUEENS,7,2006,Hispanic,6887,643,1026,14.9%,2739,39.8%,2752,40%,370,5.4%,3122,45.3%
QUEENS,7,2006,White,2743,662,171,6.2%,694,25.3%,1424,51.9%,454,16.6%,1878,68.5%
QUEENS,7,2007,Asian,5231,686,155,3%,611,11.7%,2322,44.4%,2143,41%,4465,85.4%
QUEENS,7,2007,Black,4748,647,628,13.2%,1811,38.1%,1984,41.8%,325,6.8%,2309,48.6%
QUEENS,7,2007,Hispanic,6868,655,551,8%,2280,33.2%,3326,48.4%,711,10.4%,4037,58.8%
QUEENS,7,2007,White,2646,675,113,4.3%,462,17.5%,1314,49.7%,757,28.6%,2071,78.3%
QUEENS,7,2008,Asian,5388,694,81,1.5%,386,7.2%,2299,42.7%,2622,48.7%,4921,91.3%
QUEENS,7,2008,Black,4661,657,297,6.4%,1418,30.4%,2469,53%,477,10.2%,2946,63.2%
QUEENS,7,2008,Hispanic,6881,665,290,4.2%,1554,22.6%,3944,57.3%,1093,15.9%,5037,73.2%
QUEENS,7,2008,White,2697,685,54,2%,278,10.3%,1357,50.3%,1008,37.4%,2365,87.7%
QUEENS,7,2009,Asian,5464,701,36,0.7%,235,4.3%,2206,40.4%,2987,54.7%,5193,95%
QUEENS,7,2009,Black,4490,667,94,2.1%,909,20.2%,2883,64.2%,604,13.5%,3487,77.7%
QUEENS,7,2009,Hispanic,6896,674,107,1.6%,953,13.8%,4402,63.8%,1434,20.8%,5836,84.6%
QUEENS,7,2009,White,2644,692,16,0.6%,160,6.1%,1286,48.6%,1182,44.7%,2468,93.3%
QUEENS,7,2010,Asian,5713,696,174,3%,905,15.8%,1554,27.2%,3080,53.9%,4634,81.1%
QUEENS,7,2010,Black,4448,662,668,15%,1986,44.6%,1250,28.1%,544,12.2%,1794,40.3%
QUEENS,7,2010,Hispanic,7037,671,674,9.6%,2469,35.1%,2434,34.6%,1460,20.7%,3894,55.3%
QUEENS,7,2010,White,2560,687,115,4.5%,544,21.3%,785,30.7%,1116,43.6%,1901,74.3%
QUEENS,7,2011,Asian,5607,697,153,2.7%,808,14.4%,1539,27.4%,3107,55.4%,4646,82.9%
QUEENS,7,2011,Black,4441,665,610,13.7%,1928,43.4%,1306,29.4%,597,13.4%,1903,42.9%
QUEENS,7,2011,Hispanic,7248,673,567,7.8%,2511,34.6%,2663,36.7%,1507,20.8%,4170,57.5%
QUEENS,7,2011,Pacific Islander,112,673,21,18.8%,33,29.5%,26,23.2%,32,28.6%,58,51.8%
QUEENS,7,2011,White,2626,687,128,4.9%,482,18.4%,895,34.1%,1121,42.7%,2016,76.8%
QUEENS,8,2006,Asian,5197,674,347,6.7%,1053,20.3%,2397,46.1%,1400,26.9%,3797,73.1%
QUEENS,8,2006,Black,4846,632,1311,27.1%,2148,44.3%,1249,25.8%,138,2.8%,1387,28.6%
QUEENS,8,2006,Hispanic,6766,638,1497,22.1%,2775,41%,2209,32.6%,285,4.2%,2494,36.9%
QUEENS,8,2006,White,2705,660,279,10.3%,779,28.8%,1248,46.1%,399,14.8%,1647,60.9%
QUEENS,8,2007,Asian,5307,682,244,4.6%,860,16.2%,2502,47.1%,1701,32.1%,4203,79.2%
QUEENS,8,2007,Black,4777,640,970,20.3%,1986,41.6%,1624,34%,197,4.1%,1821,38.1%
QUEENS,8,2007,Hispanic,6922,648,1027,14.8%,2657,38.4%,2820,40.7%,418,6%,3238,46.8%
QUEENS,8,2007,White,2723,667,187,6.9%,658,24.2%,1424,52.3%,454,16.7%,1878,69%
QUEENS,8,2008,Asian,5330,691,125,2.3%,538,10.1%,2545,47.7%,2122,39.8%,4667,87.6%
QUEENS,8,2008,Black,4695,651,553,11.8%,1671,35.6%,2146,45.7%,325,6.9%,2471,52.6%
QUEENS,8,2008,Hispanic,6861,659,520,7.6%,2051,29.9%,3631,52.9%,659,9.6%,4290,62.5%
QUEENS,8,2008,White,2651,677,95,3.6%,446,16.8%,1458,55%,652,24.6%,2110,79.6%
QUEENS,8,2009,Asian,5600,696,55,1%,420,7.5%,2748,49.1%,2377,42.4%,5125,91.5%
QUEENS,8,2009,Black,4645,660,239,5.1%,1432,30.8%,2587,55.7%,387,8.3%,2974,64%
QUEENS,8,2009,Hispanic,6994,669,235,3.4%,1462,20.9%,4446,63.6%,851,12.2%,5297,75.7%
QUEENS,8,2009,White,2728,684,59,2.2%,276,10.1%,1642,60.2%,751,27.5%,2393,87.7%
QUEENS,8,2010,Asian,5814,702,149,2.6%,996,17.1%,1975,34%,2694,46.3%,4669,80.3%
QUEENS,8,2010,Black,4573,664,736,16.1%,2308,50.5%,1134,24.8%,395,8.6%,1529,33.4%
QUEENS,8,2010,Hispanic,7088,673,732,10.3%,2972,41.9%,2374,33.5%,1010,14.2%,3384,47.7%
QUEENS,8,2010,White,2717,689,134,4.9%,716,26.4%,1054,38.8%,813,29.9%,1867,68.7%
QUEENS,8,2011,Asian,5816,700,133,2.3%,794,13.7%,2219,38.2%,2670,45.9%,4889,84.1%
QUEENS,8,2011,Black,4351,664,608,14%,2056,47.3%,1385,31.8%,302,6.9%,1687,38.8%
QUEENS,8,2011,Hispanic,7201,674,619,8.6%,2693,37.4%,2984,41.4%,905,12.6%,3889,54%
QUEENS,8,2011,Pacific Islander,117,679,11,9.4%,39,33.3%,33,28.2%,34,29.1%,67,57.3%
QUEENS,8,2011,White,2549,687,114,4.5%,603,23.7%,1099,43.1%,733,28.8%,1832,71.9%
QUEENS,All Grades,2006,Asian,31189,688,1195,3.8%,3630,11.6%,14190,45.5%,12174,39%,26364,84.5%
QUEENS,All Grades,2006,Black,27561,649,4516,16.4%,8894,32.3%,11673,42.4%,2478,9%,14151,51.3%
QUEENS,All Grades,2006,Hispanic,41239,657,5182,12.6%,11379,27.6%,19410,47.1%,5268,12.8%,24678,59.8%
QUEENS,All Grades,2006,White,16547,678,906,5.5%,2702,16.3%,8144,49.2%,4795,29%,12939,78.2%
QUEENS,All Grades,2007,Asian,31725,696,824,2.6%,2648,8.3%,13561,42.7%,14692,46.3%,28253,89.1%
QUEENS,All Grades,2007,Black,27152,658,3134,11.5%,7703,28.4%,13005,47.9%,3310,12.2%,16315,60.1%
QUEENS,All Grades,2007,Hispanic,41152,667,3269,7.9%,9436,22.9%,21264,51.7%,7183,17.5%,28447,69.1%
QUEENS,All Grades,2007,White,16259,685,646,4%,1961,12.1%,8129,50%,5523,34%,13652,84%
QUEENS,All Grades,2008,Asian,31958,701,460,1.4%,1758,5.5%,13666,42.8%,16074,50.3%,29740,93.1%
QUEENS,All Grades,2008,Black,26418,664,1945,7.4%,6234,23.6%,14772,55.9%,3467,13.1%,18239,69%
QUEENS,All Grades,2008,Hispanic,41074,673,1897,4.6%,7137,17.4%,24251,59%,7789,19%,32040,78%
QUEENS,All Grades,2008,White,16143,690,414,2.6%,1396,8.6%,8309,51.5%,6024,37.3%,14333,88.8%
QUEENS,All Grades,2009,Asian,33081,705,268,0.8%,1263,3.8%,13535,40.9%,18015,54.5%,31550,95.4%
QUEENS,All Grades,2009,Black,25983,671,1030,4%,4971,19.1%,15834,60.9%,4148,16%,19982,76.9%
QUEENS,All Grades,2009,Hispanic,41214,679,1061,2.6%,5232,12.7%,25147,61%,9774,23.7%,34921,84.7%
QUEENS,All Grades,2009,White,16753,696,219,1.3%,972,5.8%,8535,50.9%,7027,41.9%,15562,92.9%
QUEENS,All Grades,2010,Asian,34264,704,900,2.6%,5195,15.2%,11325,33.1%,16844,49.2%,28169,82.2%
QUEENS,All Grades,2010,Black,25828,670,3539,13.7%,11752,45.5%,7472,28.9%,3065,11.9%,10537,40.8%
QUEENS,All Grades,2010,Hispanic,42250,679,3549,8.4%,15434,36.5%,15078,35.7%,8189,19.4%,23267,55.1%
QUEENS,All Grades,2010,White,16992,694,714,4.2%,3697,21.8%,6356,37.4%,6225,36.6%,12581,74%
QUEENS,All Grades,2011,Asian,34554,702,819,2.4%,4578,13.2%,12681,36.7%,16476,47.7%,29157,84.4%
QUEENS,All Grades,2011,Black,25347,671,2997,11.8%,10915,43.1%,8840,34.9%,2595,10.2%,11435,45.1%
QUEENS,All Grades,2011,Hispanic,43575,680,3308,7.6%,14933,34.3%,17948,41.2%,7386,17%,25334,58.1%
QUEENS,All Grades,2011,Pacific Islander,459,681,51,11.1%,136,29.6%,148,32.2%,124,27%,272,59.3%
QUEENS,All Grades,2011,White,16934,693,661,3.9%,3263,19.3%,7097,41.9%,5913,34.9%,13010,76.8%
STATEN ISLAND,3,2006,Asian,346,700,10,2.9%,25,7.2%,129,37.3%,182,52.6%,311,89.9%
STATEN ISLAND,3,2006,Black,629,662,84,13.4%,127,20.2%,332,52.8%,86,13.7%,418,66.5%
STATEN ISLAND,3,2006,Hispanic,882,668,100,11.3%,153,17.3%,450,51%,179,20.3%,629,71.3%
STATEN ISLAND,3,2006,White,2426,693,91,3.8%,161,6.6%,1167,48.1%,1007,41.5%,2174,89.6%
STATEN ISLAND,3,2007,Asian,332,708,6,1.8%,10,3%,131,39.5%,185,55.7%,316,95.2%
STATEN ISLAND,3,2007,Black,697,671,50,7.2%,130,18.7%,393,56.4%,124,17.8%,517,74.2%
STATEN ISLAND,3,2007,Hispanic,969,677,66,6.8%,129,13.3%,557,57.5%,217,22.4%,774,79.9%
STATEN ISLAND,3,2007,White,2347,698,52,2.2%,107,4.6%,1170,49.9%,1018,43.4%,2188,93.2%
STATEN ISLAND,3,2008,Asian,310,710,2,0.6%,8,2.6%,148,47.7%,152,49%,300,96.8%
STATEN ISLAND,3,2008,Black,678,671,37,5.5%,109,16.1%,459,67.7%,73,10.8%,532,78.5%
STATEN ISLAND,3,2008,Hispanic,1003,679,37,3.7%,126,12.6%,667,66.5%,173,17.2%,840,83.7%
STATEN ISLAND,3,2008,White,2365,699,24,1%,88,3.7%,1384,58.5%,869,36.7%,2253,95.3%
STATEN ISLAND,3,2009,Asian,354,713,2,0.6%,5,1.4%,159,44.9%,188,53.1%,347,98%
STATEN ISLAND,3,2009,Black,673,674,21,3.1%,93,13.8%,480,71.3%,79,11.7%,559,83.1%
STATEN ISLAND,3,2009,Hispanic,1062,682,15,1.4%,93,8.8%,782,73.6%,172,16.2%,954,89.8%
STATEN ISLAND,3,2009,White,2406,702,15,0.6%,65,2.7%,1434,59.6%,892,37.1%,2326,96.7%
STATEN ISLAND,3,2010,Asian,329,714,9,2.7%,46,14%,104,31.6%,170,51.7%,274,83.3%
STATEN ISLAND,3,2010,Black,663,677,142,21.4%,285,43%,175,26.4%,61,9.2%,236,35.6%
STATEN ISLAND,3,2010,Hispanic,1095,685,133,12.1%,415,37.9%,380,34.7%,167,15.3%,547,50%
STATEN ISLAND,3,2010,White,2287,703,96,4.2%,527,23%,869,38%,795,34.8%,1664,72.8%
STATEN ISLAND,3,2011,Asian,389,701,12,3.1%,35,9%,209,53.7%,133,34.2%,342,87.9%
STATEN ISLAND,3,2011,Black,664,677,137,20.6%,272,41%,230,34.6%,25,3.8%,255,38.4%
STATEN ISLAND,3,2011,Hispanic,1181,681,151,12.8%,486,41.2%,492,41.7%,52,4.4%,544,46.1%
STATEN ISLAND,3,2011,Pacific Islander,3,s,s,s,s,s,s,s,s,s,s,s
STATEN ISLAND,3,2011,White,2448,692,101,4.1%,526,21.5%,1398,57.1%,423,17.3%,1821,74.4%
STATEN ISLAND,4,2006,Asian,326,700,9,2.8%,14,4.3%,150,46%,153,46.9%,303,92.9%
STATEN ISLAND,4,2006,Black,595,658,72,12.1%,147,24.7%,311,52.3%,65,10.9%,376,63.2%
STATEN ISLAND,4,2006,Hispanic,858,667,83,9.7%,175,20.4%,459,53.5%,141,16.4%,600,69.9%
STATEN ISLAND,4,2006,White,2482,688,79,3.2%,212,8.5%,1301,52.4%,890,35.9%,2191,88.3%
STATEN ISLAND,4,2007,Asian,345,701,9,2.6%,18,5.2%,146,42.3%,172,49.9%,318,92.2%
STATEN ISLAND,4,2007,Black,632,661,69,10.9%,160,25.3%,333,52.7%,70,11.1%,403,63.8%
STATEN ISLAND,4,2007,Hispanic,907,666,78,8.6%,200,22.1%,485,53.5%,144,15.9%,629,69.3%
STATEN ISLAND,4,2007,White,2410,690,75,3.1%,192,8%,1256,52.1%,887,36.8%,2143,88.9%
STATEN ISLAND,4,2008,Asian,340,708,6,1.8%,10,2.9%,134,39.4%,190,55.9%,324,95.3%
STATEN ISLAND,4,2008,Black,658,666,56,8.5%,134,20.4%,388,59%,80,12.2%,468,71.1%
STATEN ISLAND,4,2008,Hispanic,988,673,58,5.9%,160,16.2%,581,58.8%,189,19.1%,770,77.9%
STATEN ISLAND,4,2008,White,2301,694,51,2.2%,140,6.1%,1214,52.8%,896,38.9%,2110,91.7%
STATEN ISLAND,4,2009,Asian,320,719,2,0.6%,13,4.1%,89,27.8%,216,67.5%,305,95.3%
STATEN ISLAND,4,2009,Black,673,673,53,7.9%,107,15.9%,385,57.2%,128,19%,513,76.2%
STATEN ISLAND,4,2009,Hispanic,998,682,56,5.6%,118,11.8%,555,55.6%,269,27%,824,82.6%
STATEN ISLAND,4,2009,White,2376,702,48,2%,108,4.5%,1041,43.8%,1179,49.6%,2220,93.4%
STATEN ISLAND,4,2010,Asian,376,709,6,1.6%,53,14.1%,128,34%,189,50.3%,317,84.3%
STATEN ISLAND,4,2010,Black,672,668,87,12.9%,338,50.3%,175,26%,72,10.7%,247,36.8%
STATEN ISLAND,4,2010,Hispanic,1067,676,86,8.1%,457,42.8%,367,34.4%,157,14.7%,524,49.1%
STATEN ISLAND,4,2010,White,2376,697,64,2.7%,491,20.7%,970,40.8%,851,35.8%,1821,76.6%
STATEN ISLAND,4,2011,Asian,342,712,4,1.2%,29,8.5%,104,30.4%,205,59.9%,309,90.4%
STATEN ISLAND,4,2011,Black,661,671,79,12%,295,44.6%,223,33.7%,64,9.7%,287,43.4%
STATEN ISLAND,4,2011,Hispanic,1109,680,79,7.1%,390,35.2%,445,40.1%,195,17.6%,640,57.7%
STATEN ISLAND,4,2011,Pacific Islander,1,s,s,s,s,s,s,s,s,s,s,s
STATEN ISLAND,4,2011,White,2283,701,51,2.2%,344,15.1%,976,42.8%,912,39.9%,1888,82.7%
STATEN ISLAND,5,2006,Asian,327,697,8,2.4%,21,6.4%,147,45%,151,46.2%,298,91.1%
STATEN ISLAND,5,2006,Black,673,650,115,17.1%,204,30.3%,306,45.5%,48,7.1%,354,52.6%
STATEN ISLAND,5,2006,Hispanic,820,659,78,9.5%,218,26.6%,433,52.8%,91,11.1%,524,63.9%
STATEN ISLAND,5,2006,White,2499,680,114,4.6%,338,13.5%,1291,51.7%,756,30.3%,2047,81.9%
STATEN ISLAND,5,2007,Asian,333,702,8,2.4%,14,4.2%,144,43.2%,167,50.2%,311,93.4%
STATEN ISLAND,5,2007,Black,657,661,59,9%,167,25.4%,352,53.6%,79,12%,431,65.6%
STATEN ISLAND,5,2007,Hispanic,901,669,57,6.3%,173,19.2%,528,58.6%,143,15.9%,671,74.5%
STATEN ISLAND,5,2007,White,2484,687,52,2.1%,236,9.5%,1370,55.2%,826,33.3%,2196,88.4%
STATEN ISLAND,5,2008,Asian,358,707,3,0.8%,18,5%,127,35.5%,210,58.7%,337,94.1%
STATEN ISLAND,5,2008,Black,643,665,46,7.2%,124,19.3%,389,60.5%,84,13.1%,473,73.6%
STATEN ISLAND,5,2008,Hispanic,945,671,46,4.9%,173,18.3%,566,59.9%,160,16.9%,726,76.8%
STATEN ISLAND,5,2008,White,2390,694,32,1.3%,140,5.9%,1220,51%,998,41.8%,2218,92.8%
STATEN ISLAND,5,2009,Asian,349,707,2,0.6%,12,3.4%,110,31.5%,225,64.5%,335,96%
STATEN ISLAND,5,2009,Black,660,674,23,3.5%,92,13.9%,408,61.8%,137,20.8%,545,82.6%
STATEN ISLAND,5,2009,Hispanic,1022,682,20,2%,117,11.4%,582,56.9%,303,29.6%,885,86.6%
STATEN ISLAND,5,2009,White,2303,699,19,0.8%,93,4%,1023,44.4%,1168,50.7%,2191,95.1%
STATEN ISLAND,5,2010,Asian,342,707,7,2%,40,11.7%,130,38%,165,48.2%,295,86.3%
STATEN ISLAND,5,2010,Black,666,669,80,12%,303,45.5%,215,32.3%,68,10.2%,283,42.5%
STATEN ISLAND,5,2010,Hispanic,1027,678,83,8.1%,370,36%,402,39.1%,172,16.7%,574,55.9%
STATEN ISLAND,5,2010,White,2352,696,55,2.3%,458,19.5%,1006,42.8%,833,35.4%,1839,78.2%
STATEN ISLAND,5,2011,Asian,376,706,4,1.1%,42,11.2%,148,39.4%,182,48.4%,330,87.8%
STATEN ISLAND,5,2011,Black,682,674,63,9.2%,287,42.1%,261,38.3%,71,10.4%,332,48.7%
STATEN ISLAND,5,2011,Hispanic,1063,681,59,5.6%,374,35.2%,470,44.2%,160,15.1%,630,59.3%
STATEN ISLAND,5,2011,Pacific Islander,13,687,0,0%,4,30.8%,6,46.2%,3,23.1%,9,69.2%
STATEN ISLAND,5,2011,White,2365,697,55,2.3%,372,15.7%,1114,47.1%,824,34.8%,1938,81.9%
STATEN ISLAND,6,2006,Asian,333,680,10,3%,47,14.1%,169,50.8%,107,32.1%,276,82.9%
STATEN ISLAND,6,2006,Black,661,632,194,29.3%,251,38%,185,28%,31,4.7%,216,32.7%
STATEN ISLAND,6,2006,Hispanic,823,640,188,22.8%,284,34.5%,303,36.8%,48,5.8%,351,42.6%
STATEN ISLAND,6,2006,White,2399,664,166,6.9%,547,22.8%,1288,53.7%,398,16.6%,1686,70.3%
STATEN ISLAND,6,2007,Asian,308,689,8,2.6%,25,8.1%,168,54.5%,107,34.7%,275,89.3%
STATEN ISLAND,6,2007,Black,638,642,150,23.5%,222,34.8%,233,36.5%,33,5.2%,266,41.7%
STATEN ISLAND,6,2007,Hispanic,790,653,99,12.5%,248,31.4%,383,48.5%,60,7.6%,443,56.1%
STATEN ISLAND,6,2007,White,2382,673,130,5.5%,385,16.2%,1355,56.9%,512,21.5%,1867,78.4%
STATEN ISLAND,6,2008,Asian,309,697,6,1.9%,21,6.8%,132,42.7%,150,48.5%,282,91.3%
STATEN ISLAND,6,2008,Black,630,651,75,11.9%,201,31.9%,299,47.5%,55,8.7%,354,56.2%
STATEN ISLAND,6,2008,Hispanic,915,661,71,7.8%,236,25.8%,488,53.3%,120,13.1%,608,66.4%
STATEN ISLAND,6,2008,White,2357,683,75,3.2%,235,10%,1250,53%,797,33.8%,2047,86.8%
STATEN ISLAND,6,2009,Asian,352,701,6,1.7%,21,6%,123,34.9%,202,57.4%,325,92.3%
STATEN ISLAND,6,2009,Black,655,657,53,8.1%,200,30.5%,350,53.4%,52,7.9%,402,61.4%
STATEN ISLAND,6,2009,Hispanic,941,665,72,7.7%,209,22.2%,516,54.8%,144,15.3%,660,70.1%
STATEN ISLAND,6,2009,White,2289,688,32,1.4%,193,8.4%,1232,53.8%,832,36.3%,2064,90.2%
STATEN ISLAND,6,2010,Asian,348,701,13,3.7%,50,14.4%,112,32.2%,173,49.7%,285,81.9%
STATEN ISLAND,6,2010,Black,654,660,132,20.2%,310,47.4%,152,23.2%,60,9.2%,212,32.4%
STATEN ISLAND,6,2010,Hispanic,1010,668,132,13.1%,422,41.8%,315,31.2%,141,14%,456,45.1%
STATEN ISLAND,6,2010,White,2211,687,93,4.2%,557,25.2%,814,36.8%,747,33.8%,1561,70.6%
STATEN ISLAND,6,2011,Asian,319,703,6,1.9%,40,12.5%,98,30.7%,175,54.9%,273,85.6%
STATEN ISLAND,6,2011,Black,612,662,126,20.6%,293,47.9%,145,23.7%,48,7.8%,193,31.5%
STATEN ISLAND,6,2011,Hispanic,995,673,107,10.8%,425,42.7%,309,31.1%,154,15.5%,463,46.5%
STATEN ISLAND,6,2011,Pacific Islander,5,s,s,s,s,s,s,s,s,s,s,s
STATEN ISLAND,6,2011,White,2274,690,80,3.5%,488,21.5%,918,40.4%,788,34.7%,1706,75%
STATEN ISLAND,7,2006,Asian,330,676,8,2.4%,56,17%,180,54.5%,86,26.1%,266,80.6%
STATEN ISLAND,7,2006,Black,684,627,188,27.5%,307,44.9%,169,24.7%,20,2.9%,189,27.6%
STATEN ISLAND,7,2006,Hispanic,803,636,157,19.6%,346,43.1%,275,34.2%,25,3.1%,300,37.4%
STATEN ISLAND,7,2006,White,2416,659,155,6.4%,663,27.4%,1288,53.3%,310,12.8%,1598,66.1%
STATEN ISLAND,7,2007,Asian,353,684,9,2.5%,43,12.2%,174,49.3%,127,36%,301,85.3%
STATEN ISLAND,7,2007,Black,679,637,137,20.2%,300,44.2%,210,30.9%,32,4.7%,242,35.6%
STATEN ISLAND,7,2007,Hispanic,838,647,94,11.2%,340,40.6%,347,41.4%,57,6.8%,404,48.2%
STATEN ISLAND,7,2007,White,2412,670,83,3.4%,529,21.9%,1247,51.7%,553,22.9%,1800,74.6%
STATEN ISLAND,7,2008,Asian,335,696,3,0.9%,19,5.7%,144,43%,169,50.4%,313,93.4%
STATEN ISLAND,7,2008,Black,670,649,59,8.8%,269,40.1%,302,45.1%,40,6%,342,51%
STATEN ISLAND,7,2008,Hispanic,846,660,35,4.1%,270,31.9%,442,52.2%,99,11.7%,541,63.9%
STATEN ISLAND,7,2008,White,2387,679,49,2.1%,290,12.1%,1314,55%,734,30.7%,2048,85.8%
STATEN ISLAND,7,2009,Asian,329,694,1,0.3%,18,5.5%,146,44.4%,164,49.8%,310,94.2%
STATEN ISLAND,7,2009,Black,677,658,28,4.1%,190,28.1%,406,60%,53,7.8%,459,67.8%
STATEN ISLAND,7,2009,Hispanic,956,666,14,1.5%,208,21.8%,620,64.9%,114,11.9%,734,76.8%
STATEN ISLAND,7,2009,White,2359,686,15,0.6%,150,6.4%,1364,57.8%,830,35.2%,2194,93%
STATEN ISLAND,7,2010,Asian,365,697,8,2.2%,49,13.4%,97,26.6%,211,57.8%,308,84.4%
STATEN ISLAND,7,2010,Black,644,656,118,18.3%,312,48.4%,166,25.8%,48,7.5%,214,33.2%
STATEN ISLAND,7,2010,Hispanic,949,663,136,14.3%,430,45.3%,274,28.9%,109,11.5%,383,40.4%
STATEN ISLAND,7,2010,White,2274,683,85,3.7%,566,24.9%,832,36.6%,791,34.8%,1623,71.4%
STATEN ISLAND,7,2011,Asian,350,696,12,3.4%,45,12.9%,94,26.9%,199,56.9%,293,83.7%
STATEN ISLAND,7,2011,Black,660,660,132,20%,277,42%,183,27.7%,68,10.3%,251,38%
STATEN ISLAND,7,2011,Hispanic,1015,669,111,10.9%,379,37.3%,375,36.9%,150,14.8%,525,51.7%
STATEN ISLAND,7,2011,Pacific Islander,3,s,s,s,s,s,s,s,s,s,s,s
STATEN ISLAND,7,2011,White,2228,686,71,3.2%,459,20.6%,799,35.9%,899,40.4%,1698,76.2%
STATEN ISLAND,8,2006,Asian,367,676,21,5.7%,69,18.8%,163,44.4%,114,31.1%,277,75.5%
STATEN ISLAND,8,2006,Black,687,623,250,36.4%,297,43.2%,130,18.9%,10,1.5%,140,20.4%
STATEN ISLAND,8,2006,Hispanic,771,632,202,26.2%,334,43.3%,215,27.9%,20,2.6%,235,30.5%
STATEN ISLAND,8,2006,White,2635,655,260,9.9%,863,32.8%,1282,48.7%,230,8.7%,1512,57.4%
STATEN ISLAND,8,2007,Asian,351,683,11,3.1%,52,14.8%,169,48.1%,119,33.9%,288,82.1%
STATEN ISLAND,8,2007,Black,716,632,211,29.5%,287,40.1%,201,28.1%,17,2.4%,218,30.4%
STATEN ISLAND,8,2007,Hispanic,870,637,198,22.8%,376,43.2%,267,30.7%,29,3.3%,296,34%
STATEN ISLAND,8,2007,White,2417,662,194,8%,670,27.7%,1249,51.7%,304,12.6%,1553,64.3%
STATEN ISLAND,8,2008,Asian,358,695,6,1.7%,30,8.4%,180,50.3%,142,39.7%,322,89.9%
STATEN ISLAND,8,2008,Black,658,643,111,16.9%,280,42.6%,235,35.7%,32,4.9%,267,40.6%
STATEN ISLAND,8,2008,Hispanic,875,649,115,13.1%,337,38.5%,367,41.9%,56,6.4%,423,48.3%
STATEN ISLAND,8,2008,White,2392,673,99,4.1%,480,20.1%,1338,55.9%,475,19.9%,1813,75.8%
STATEN ISLAND,8,2009,Asian,354,695,2,0.6%,24,6.8%,190,53.7%,138,39%,328,92.7%
STATEN ISLAND,8,2009,Black,678,650,56,8.3%,287,42.3%,311,45.9%,24,3.5%,335,49.4%
STATEN ISLAND,8,2009,Hispanic,866,659,41,4.7%,293,33.8%,472,54.5%,60,6.9%,532,61.4%
STATEN ISLAND,8,2009,White,2388,679,35,1.5%,315,13.2%,1517,63.5%,521,21.8%,2038,85.3%
STATEN ISLAND,8,2010,Asian,338,697,12,3.6%,69,20.4%,123,36.4%,134,39.6%,257,76%
STATEN ISLAND,8,2010,Black,687,656,179,26.1%,340,49.5%,127,18.5%,41,6%,168,24.5%
STATEN ISLAND,8,2010,Hispanic,980,664,139,14.2%,513,52.3%,246,25.1%,82,8.4%,328,33.5%
STATEN ISLAND,8,2010,White,2381,684,125,5.2%,746,31.3%,918,38.6%,592,24.9%,1510,63.4%
STATEN ISLAND,8,2011,Asian,386,698,10,2.6%,53,13.7%,146,37.8%,177,45.9%,323,83.7%
STATEN ISLAND,8,2011,Black,676,659,133,19.7%,321,47.5%,198,29.3%,24,3.6%,222,32.8%
STATEN ISLAND,8,2011,Hispanic,992,664,161,16.2%,437,44.1%,331,33.4%,63,6.4%,394,39.7%
STATEN ISLAND,8,2011,Pacific Islander,2,s,s,s,s,s,s,s,s,s,s,s
STATEN ISLAND,8,2011,White,2270,683,98,4.3%,624,27.5%,1118,49.3%,430,18.9%,1548,68.2%
STATEN ISLAND,All Grades,2006,Asian,2029,688,66,3.3%,232,11.4%,938,46.2%,793,39.1%,1731,85.3%
STATEN ISLAND,All Grades,2006,Black,3929,641,903,23%,1333,33.9%,1433,36.5%,260,6.6%,1693,43.1%
STATEN ISLAND,All Grades,2006,Hispanic,4957,651,808,16.3%,1510,30.5%,2135,43.1%,504,10.2%,2639,53.2%
STATEN ISLAND,All Grades,2006,White,14857,673,865,5.8%,2784,18.7%,7617,51.3%,3591,24.2%,11208,75.4%
STATEN ISLAND,All Grades,2007,Asian,2022,694,51,2.5%,162,8%,932,46.1%,877,43.4%,1809,89.5%
STATEN ISLAND,All Grades,2007,Black,4019,650,676,16.8%,1266,31.5%,1722,42.8%,355,8.8%,2077,51.7%
STATEN ISLAND,All Grades,2007,Hispanic,5275,659,592,11.2%,1466,27.8%,2567,48.7%,650,12.3%,3217,61%
STATEN ISLAND,All Grades,2007,White,14452,680,586,4.1%,2119,14.7%,7647,52.9%,4100,28.4%,11747,81.3%
STATEN ISLAND,All Grades,2008,Asian,2010,702,26,1.3%,106,5.3%,865,43%,1013,50.4%,1878,93.4%
STATEN ISLAND,All Grades,2008,Black,3937,658,384,9.8%,1117,28.4%,2072,52.6%,364,9.2%,2436,61.9%
STATEN ISLAND,All Grades,2008,Hispanic,5572,666,362,6.5%,1302,23.4%,3111,55.8%,797,14.3%,3908,70.1%
STATEN ISLAND,All Grades,2008,White,14192,687,330,2.3%,1373,9.7%,7720,54.4%,4769,33.6%,12489,88%
STATEN ISLAND,All Grades,2009,Asian,2058,705,15,0.7%,93,4.5%,817,39.7%,1133,55.1%,1950,94.8%
STATEN ISLAND,All Grades,2009,Black,4016,664,234,5.8%,969,24.1%,2340,58.3%,473,11.8%,2813,70%
STATEN ISLAND,All Grades,2009,Hispanic,5845,673,218,3.7%,1038,17.8%,3527,60.3%,1062,18.2%,4589,78.5%
STATEN ISLAND,All Grades,2009,White,14121,693,164,1.2%,924,6.5%,7611,53.9%,5422,38.4%,13033,92.3%
STATEN ISLAND,All Grades,2010,Asian,2098,704,55,2.6%,307,14.6%,694,33.1%,1042,49.7%,1736,82.7%
STATEN ISLAND,All Grades,2010,Black,3986,664,738,18.5%,1888,47.4%,1010,25.3%,350,8.8%,1360,34.1%
STATEN ISLAND,All Grades,2010,Hispanic,6128,673,709,11.6%,2607,42.5%,1984,32.4%,828,13.5%,2812,45.9%
STATEN ISLAND,All Grades,2010,White,13881,692,518,3.7%,3345,24.1%,5409,39%,4609,33.2%,10018,72.2%
STATEN ISLAND,All Grades,2011,Asian,2162,702,48,2.2%,244,11.3%,799,37%,1071,49.5%,1870,86.5%
STATEN ISLAND,All Grades,2011,Black,3955,667,670,16.9%,1745,44.1%,1240,31.4%,300,7.6%,1540,38.9%
STATEN ISLAND,All Grades,2011,Hispanic,6355,675,668,10.5%,2491,39.2%,2422,38.1%,774,12.2%,3196,50.3%
STATEN ISLAND,All Grades,2011,Pacific Islander,27,692,0,0%,6,22.2%,13,48.1%,8,29.6%,21,77.8%
STATEN ISLAND,All Grades,2011,White,13868,692,456,3.3%,2813,20.3%,6323,45.6%,4276,30.8%,10599,76.4%
